EventID,Timestamp,Provider,User,Message
10400,2025-04-08 11:11:52.389532,Microsoft-Windows-NDIS,Unknown,{4d54cdbc-8abc-485c-9b10-7c77af28ab5b} | 7 | 19985273102270464 | Intel(R) Dual Band Wireless-AC 8260 | 3 | 418
10400,2025-04-08 11:11:53.473389,Microsoft-Windows-NDIS,Unknown,{4d54cdbc-8abc-485c-9b10-7c77af28ab5b} | 7 | 19985273102270464 | Intel(R) Dual Band Wireless-AC 8260 | 3 | 419
10400,2025-04-08 11:12:08.109322,Microsoft-Windows-NDIS,Unknown,{4d54cdbc-8abc-485c-9b10-7c77af28ab5b} | 7 | 19985273102270464 | Intel(R) Dual Band Wireless-AC 8260 | 3 | 420
10400,2025-04-08 11:12:08.986486,Microsoft-Windows-NDIS,Unknown,{4d54cdbc-8abc-485c-9b10-7c77af28ab5b} | 7 | 19985273102270464 | Intel(R) Dual Band Wireless-AC 8260 | 3 | 421
10400,2025-04-08 11:12:09.987240,Microsoft-Windows-NDIS,Unknown,{4d54cdbc-8abc-485c-9b10-7c77af28ab5b} | 7 | 19985273102270464 | Intel(R) Dual Band Wireless-AC 8260 | 3 | 422
10400,2025-04-08 11:12:10.849741,Microsoft-Windows-NDIS,Unknown,{4d54cdbc-8abc-485c-9b10-7c77af28ab5b} | 7 | 19985273102270464 | Intel(R) Dual Band Wireless-AC 8260 | 3 | 423
10400,2025-04-08 11:12:21.772591,Microsoft-Windows-NDIS,Unknown,{4d54cdbc-8abc-485c-9b10-7c77af28ab5b} | 7 | 19985273102270464 | Intel(R) Dual Band Wireless-AC 8260 | 3 | 424
10400,2025-04-08 11:12:32.960938,Microsoft-Windows-NDIS,Unknown,{4d54cdbc-8abc-485c-9b10-7c77af28ab5b} | 7 | 19985273102270464 | Intel(R) Dual Band Wireless-AC 8260 | 3 | 425
10400,2025-04-08 11:12:33.901907,Microsoft-Windows-NDIS,Unknown,{4d54cdbc-8abc-485c-9b10-7c77af28ab5b} | 7 | 19985273102270464 | Intel(R) Dual Band Wireless-AC 8260 | 3 | 426
10400,2025-04-08 11:12:35.067303,Microsoft-Windows-NDIS,Unknown,{4d54cdbc-8abc-485c-9b10-7c77af28ab5b} | 7 | 19985273102270464 | Intel(R) Dual Band Wireless-AC 8260 | 3 | 427
10400,2025-04-08 11:12:36.246910,Microsoft-Windows-NDIS,Unknown,{4d54cdbc-8abc-485c-9b10-7c77af28ab5b} | 7 | 19985273102270464 | Intel(R) Dual Band Wireless-AC 8260 | 3 | 428
10400,2025-04-08 11:12:37.317722,Microsoft-Windows-NDIS,Unknown,{4d54cdbc-8abc-485c-9b10-7c77af28ab5b} | 7 | 19985273102270464 | Intel(R) Dual Band Wireless-AC 8260 | 3 | 429
10400,2025-04-08 11:12:38.028687,Microsoft-Windows-NDIS,Unknown,{4d54cdbc-8abc-485c-9b10-7c77af28ab5b} | 7 | 19985273102270464 | Intel(R) Dual Band Wireless-AC 8260 | 3 | 430
10400,2025-04-08 11:12:49.493481,Microsoft-Windows-NDIS,Unknown,{4d54cdbc-8abc-485c-9b10-7c77af28ab5b} | 7 | 19985273102270464 | Intel(R) Dual Band Wireless-AC 8260 | 3 | 431
10400,2025-04-08 11:12:50.509268,Microsoft-Windows-NDIS,Unknown,{4d54cdbc-8abc-485c-9b10-7c77af28ab5b} | 7 | 19985273102270464 | Intel(R) Dual Band Wireless-AC 8260 | 3 | 432
10400,2025-04-08 11:12:51.586740,Microsoft-Windows-NDIS,Unknown,{4d54cdbc-8abc-485c-9b10-7c77af28ab5b} | 7 | 19985273102270464 | Intel(R) Dual Band Wireless-AC 8260 | 3 | 433
10400,2025-04-08 11:12:52.475739,Microsoft-Windows-NDIS,Unknown,{4d54cdbc-8abc-485c-9b10-7c77af28ab5b} | 7 | 19985273102270464 | Intel(R) Dual Band Wireless-AC 8260 | 3 | 434
10400,2025-04-08 11:12:53.472675,Microsoft-Windows-NDIS,Unknown,{4d54cdbc-8abc-485c-9b10-7c77af28ab5b} | 7 | 19985273102270464 | Intel(R) Dual Band Wireless-AC 8260 | 3 | 435
10400,2025-04-08 11:12:54.474899,Microsoft-Windows-NDIS,Unknown,{4d54cdbc-8abc-485c-9b10-7c77af28ab5b} | 7 | 19985273102270464 | Intel(R) Dual Band Wireless-AC 8260 | 3 | 436
10400,2025-04-08 11:12:55.537533,Microsoft-Windows-NDIS,Unknown,{4d54cdbc-8abc-485c-9b10-7c77af28ab5b} | 7 | 19985273102270464 | Intel(R) Dual Band Wireless-AC 8260 | 3 | 437
10400,2025-04-08 11:12:56.454632,Microsoft-Windows-NDIS,Unknown,{4d54cdbc-8abc-485c-9b10-7c77af28ab5b} | 7 | 19985273102270464 | Intel(R) Dual Band Wireless-AC 8260 | 3 | 438
10400,2025-04-08 11:12:57.732191,Microsoft-Windows-NDIS,Unknown,{4d54cdbc-8abc-485c-9b10-7c77af28ab5b} | 7 | 19985273102270464 | Intel(R) Dual Band Wireless-AC 8260 | 3 | 439
10400,2025-04-08 11:12:58.959351,Microsoft-Windows-NDIS,Unknown,{4d54cdbc-8abc-485c-9b10-7c77af28ab5b} | 7 | 19985273102270464 | Intel(R) Dual Band Wireless-AC 8260 | 3 | 440
10400,2025-04-08 11:13:00.215340,Microsoft-Windows-NDIS,Unknown,{4d54cdbc-8abc-485c-9b10-7c77af28ab5b} | 7 | 19985273102270464 | Intel(R) Dual Band Wireless-AC 8260 | 3 | 441
10400,2025-04-08 11:13:01.238016,Microsoft-Windows-NDIS,Unknown,{4d54cdbc-8abc-485c-9b10-7c77af28ab5b} | 7 | 19985273102270464 | Intel(R) Dual Band Wireless-AC 8260 | 3 | 442
10400,2025-04-08 11:13:02.249315,Microsoft-Windows-NDIS,Unknown,{4d54cdbc-8abc-485c-9b10-7c77af28ab5b} | 7 | 19985273102270464 | Intel(R) Dual Band Wireless-AC 8260 | 3 | 443
10400,2025-04-08 11:13:03.333265,Microsoft-Windows-NDIS,Unknown,{4d54cdbc-8abc-485c-9b10-7c77af28ab5b} | 7 | 19985273102270464 | Intel(R) Dual Band Wireless-AC 8260 | 3 | 444
10400,2025-04-08 11:13:04.252613,Microsoft-Windows-NDIS,Unknown,{4d54cdbc-8abc-485c-9b10-7c77af28ab5b} | 7 | 19985273102270464 | Intel(R) Dual Band Wireless-AC 8260 | 3 | 445
10400,2025-04-08 11:13:05.128357,Microsoft-Windows-NDIS,Unknown,{4d54cdbc-8abc-485c-9b10-7c77af28ab5b} | 7 | 19985273102270464 | Intel(R) Dual Band Wireless-AC 8260 | 3 | 446
10400,2025-04-08 11:13:06.078533,Microsoft-Windows-NDIS,Unknown,{4d54cdbc-8abc-485c-9b10-7c77af28ab5b} | 7 | 19985273102270464 | Intel(R) Dual Band Wireless-AC 8260 | 3 | 447
10400,2025-04-08 11:13:06.872118,Microsoft-Windows-NDIS,Unknown,{4d54cdbc-8abc-485c-9b10-7c77af28ab5b} | 7 | 19985273102270464 | Intel(R) Dual Band Wireless-AC 8260 | 3 | 448
10400,2025-04-08 11:13:07.776484,Microsoft-Windows-NDIS,Unknown,{4d54cdbc-8abc-485c-9b10-7c77af28ab5b} | 7 | 19985273102270464 | Intel(R) Dual Band Wireless-AC 8260 | 3 | 449
10400,2025-04-08 11:13:08.641964,Microsoft-Windows-NDIS,Unknown,{4d54cdbc-8abc-485c-9b10-7c77af28ab5b} | 7 | 19985273102270464 | Intel(R) Dual Band Wireless-AC 8260 | 3 | 450
10400,2025-04-08 11:13:09.452375,Microsoft-Windows-NDIS,Unknown,{4d54cdbc-8abc-485c-9b10-7c77af28ab5b} | 7 | 19985273102270464 | Intel(R) Dual Band Wireless-AC 8260 | 3 | 451
10400,2025-04-08 11:13:12.538752,Microsoft-Windows-NDIS,Unknown,{4d54cdbc-8abc-485c-9b10-7c77af28ab5b} | 7 | 19985273102270464 | Intel(R) Dual Band Wireless-AC 8260 | 3 | 452
10400,2025-04-08 11:13:16.397511,Microsoft-Windows-NDIS,Unknown,{4d54cdbc-8abc-485c-9b10-7c77af28ab5b} | 7 | 19985273102270464 | Intel(R) Dual Band Wireless-AC 8260 | 3 | 453
10400,2025-04-08 11:13:17.621798,Microsoft-Windows-NDIS,Unknown,{4d54cdbc-8abc-485c-9b10-7c77af28ab5b} | 7 | 19985273102270464 | Intel(R) Dual Band Wireless-AC 8260 | 3 | 454
10400,2025-04-08 11:13:18.591005,Microsoft-Windows-NDIS,Unknown,{4d54cdbc-8abc-485c-9b10-7c77af28ab5b} | 7 | 19985273102270464 | Intel(R) Dual Band Wireless-AC 8260 | 3 | 455
10400,2025-04-08 11:13:19.748034,Microsoft-Windows-NDIS,Unknown,{4d54cdbc-8abc-485c-9b10-7c77af28ab5b} | 7 | 19985273102270464 | Intel(R) Dual Band Wireless-AC 8260 | 3 | 456
10400,2025-04-08 11:13:20.840483,Microsoft-Windows-NDIS,Unknown,{4d54cdbc-8abc-485c-9b10-7c77af28ab5b} | 7 | 19985273102270464 | Intel(R) Dual Band Wireless-AC 8260 | 3 | 457
10400,2025-04-08 11:13:21.859407,Microsoft-Windows-NDIS,Unknown,{4d54cdbc-8abc-485c-9b10-7c77af28ab5b} | 7 | 19985273102270464 | Intel(R) Dual Band Wireless-AC 8260 | 3 | 458
10400,2025-04-08 11:13:39.569878,Microsoft-Windows-NDIS,Unknown,{4d54cdbc-8abc-485c-9b10-7c77af28ab5b} | 7 | 19985273102270464 | Intel(R) Dual Band Wireless-AC 8260 | 3 | 459
10400,2025-04-08 11:13:40.638346,Microsoft-Windows-NDIS,Unknown,{4d54cdbc-8abc-485c-9b10-7c77af28ab5b} | 7 | 19985273102270464 | Intel(R) Dual Band Wireless-AC 8260 | 3 | 460
10400,2025-04-08 11:13:41.697815,Microsoft-Windows-NDIS,Unknown,{4d54cdbc-8abc-485c-9b10-7c77af28ab5b} | 7 | 19985273102270464 | Intel(R) Dual Band Wireless-AC 8260 | 3 | 461
10400,2025-04-08 11:13:42.916206,Microsoft-Windows-NDIS,Unknown,{4d54cdbc-8abc-485c-9b10-7c77af28ab5b} | 7 | 19985273102270464 | Intel(R) Dual Band Wireless-AC 8260 | 3 | 462
10400,2025-04-08 11:13:59.974421,Microsoft-Windows-NDIS,Unknown,{4d54cdbc-8abc-485c-9b10-7c77af28ab5b} | 7 | 19985273102270464 | Intel(R) Dual Band Wireless-AC 8260 | 3 | 463
10400,2025-04-08 11:14:01.096148,Microsoft-Windows-NDIS,Unknown,{4d54cdbc-8abc-485c-9b10-7c77af28ab5b} | 7 | 19985273102270464 | Intel(R) Dual Band Wireless-AC 8260 | 3 | 464
10400,2025-04-08 11:14:02.002226,Microsoft-Windows-NDIS,Unknown,{4d54cdbc-8abc-485c-9b10-7c77af28ab5b} | 7 | 19985273102270464 | Intel(R) Dual Band Wireless-AC 8260 | 3 | 465
10400,2025-04-08 11:14:02.958715,Microsoft-Windows-NDIS,Unknown,{4d54cdbc-8abc-485c-9b10-7c77af28ab5b} | 7 | 19985273102270464 | Intel(R) Dual Band Wireless-AC 8260 | 3 | 466
10400,2025-04-08 11:14:03.994526,Microsoft-Windows-NDIS,Unknown,{4d54cdbc-8abc-485c-9b10-7c77af28ab5b} | 7 | 19985273102270464 | Intel(R) Dual Band Wireless-AC 8260 | 3 | 467
10400,2025-04-08 11:14:05.050184,Microsoft-Windows-NDIS,Unknown,{4d54cdbc-8abc-485c-9b10-7c77af28ab5b} | 7 | 19985273102270464 | Intel(R) Dual Band Wireless-AC 8260 | 3 | 468
10400,2025-04-08 11:14:05.927086,Microsoft-Windows-NDIS,Unknown,{4d54cdbc-8abc-485c-9b10-7c77af28ab5b} | 7 | 19985273102270464 | Intel(R) Dual Band Wireless-AC 8260 | 3 | 469
10400,2025-04-08 11:14:06.934465,Microsoft-Windows-NDIS,Unknown,{4d54cdbc-8abc-485c-9b10-7c77af28ab5b} | 7 | 19985273102270464 | Intel(R) Dual Band Wireless-AC 8260 | 3 | 470
10400,2025-04-08 11:14:07.924477,Microsoft-Windows-NDIS,Unknown,{4d54cdbc-8abc-485c-9b10-7c77af28ab5b} | 7 | 19985273102270464 | Intel(R) Dual Band Wireless-AC 8260 | 3 | 471
10400,2025-04-08 11:14:08.745464,Microsoft-Windows-NDIS,Unknown,{4d54cdbc-8abc-485c-9b10-7c77af28ab5b} | 7 | 19985273102270464 | Intel(R) Dual Band Wireless-AC 8260 | 3 | 472
10400,2025-04-08 11:14:09.875736,Microsoft-Windows-NDIS,Unknown,{4d54cdbc-8abc-485c-9b10-7c77af28ab5b} | 7 | 19985273102270464 | Intel(R) Dual Band Wireless-AC 8260 | 3 | 473
10400,2025-04-08 11:14:10.744560,Microsoft-Windows-NDIS,Unknown,{4d54cdbc-8abc-485c-9b10-7c77af28ab5b} | 7 | 19985273102270464 | Intel(R) Dual Band Wireless-AC 8260 | 3 | 474
10400,2025-04-08 11:14:11.959127,Microsoft-Windows-NDIS,Unknown,{4d54cdbc-8abc-485c-9b10-7c77af28ab5b} | 7 | 19985273102270464 | Intel(R) Dual Band Wireless-AC 8260 | 3 | 475
10400,2025-04-08 11:14:13.227062,Microsoft-Windows-NDIS,Unknown,{4d54cdbc-8abc-485c-9b10-7c77af28ab5b} | 7 | 19985273102270464 | Intel(R) Dual Band Wireless-AC 8260 | 3 | 476
10400,2025-04-08 11:14:14.487366,Microsoft-Windows-NDIS,Unknown,{4d54cdbc-8abc-485c-9b10-7c77af28ab5b} | 7 | 19985273102270464 | Intel(R) Dual Band Wireless-AC 8260 | 3 | 477
10400,2025-04-08 11:14:15.651323,Microsoft-Windows-NDIS,Unknown,{4d54cdbc-8abc-485c-9b10-7c77af28ab5b} | 7 | 19985273102270464 | Intel(R) Dual Band Wireless-AC 8260 | 3 | 478
10400,2025-04-08 11:14:16.747181,Microsoft-Windows-NDIS,Unknown,{4d54cdbc-8abc-485c-9b10-7c77af28ab5b} | 7 | 19985273102270464 | Intel(R) Dual Band Wireless-AC 8260 | 3 | 479
10400,2025-04-08 11:14:17.788136,Microsoft-Windows-NDIS,Unknown,{4d54cdbc-8abc-485c-9b10-7c77af28ab5b} | 7 | 19985273102270464 | Intel(R) Dual Band Wireless-AC 8260 | 3 | 480
10400,2025-04-08 11:14:18.845234,Microsoft-Windows-NDIS,Unknown,{4d54cdbc-8abc-485c-9b10-7c77af28ab5b} | 7 | 19985273102270464 | Intel(R) Dual Band Wireless-AC 8260 | 3 | 481
10400,2025-04-08 11:14:19.898994,Microsoft-Windows-NDIS,Unknown,{4d54cdbc-8abc-485c-9b10-7c77af28ab5b} | 7 | 19985273102270464 | Intel(R) Dual Band Wireless-AC 8260 | 3 | 482
10400,2025-04-08 11:14:20.837833,Microsoft-Windows-NDIS,Unknown,{4d54cdbc-8abc-485c-9b10-7c77af28ab5b} | 7 | 19985273102270464 | Intel(R) Dual Band Wireless-AC 8260 | 3 | 483
10400,2025-04-08 11:14:27.469208,Microsoft-Windows-NDIS,Unknown,{4d54cdbc-8abc-485c-9b10-7c77af28ab5b} | 7 | 19985273102270464 | Intel(R) Dual Band Wireless-AC 8260 | 3 | 484
10400,2025-04-08 11:14:28.501043,Microsoft-Windows-NDIS,Unknown,{4d54cdbc-8abc-485c-9b10-7c77af28ab5b} | 7 | 19985273102270464 | Intel(R) Dual Band Wireless-AC 8260 | 3 | 485
10400,2025-04-08 11:14:29.578993,Microsoft-Windows-NDIS,Unknown,{4d54cdbc-8abc-485c-9b10-7c77af28ab5b} | 7 | 19985273102270464 | Intel(R) Dual Band Wireless-AC 8260 | 3 | 486
10400,2025-04-08 11:14:30.622261,Microsoft-Windows-NDIS,Unknown,{4d54cdbc-8abc-485c-9b10-7c77af28ab5b} | 7 | 19985273102270464 | Intel(R) Dual Band Wireless-AC 8260 | 3 | 487
10400,2025-04-08 11:14:31.560591,Microsoft-Windows-NDIS,Unknown,{4d54cdbc-8abc-485c-9b10-7c77af28ab5b} | 7 | 19985273102270464 | Intel(R) Dual Band Wireless-AC 8260 | 3 | 488
10400,2025-04-08 11:14:32.941759,Microsoft-Windows-NDIS,Unknown,{4d54cdbc-8abc-485c-9b10-7c77af28ab5b} | 7 | 19985273102270464 | Intel(R) Dual Band Wireless-AC 8260 | 3 | 489
10400,2025-04-08 11:14:34.059511,Microsoft-Windows-NDIS,Unknown,{4d54cdbc-8abc-485c-9b10-7c77af28ab5b} | 7 | 19985273102270464 | Intel(R) Dual Band Wireless-AC 8260 | 3 | 490
10400,2025-04-08 11:14:35.091673,Microsoft-Windows-NDIS,Unknown,{4d54cdbc-8abc-485c-9b10-7c77af28ab5b} | 7 | 19985273102270464 | Intel(R) Dual Band Wireless-AC 8260 | 3 | 491
10400,2025-04-08 11:14:36.157022,Microsoft-Windows-NDIS,Unknown,{4d54cdbc-8abc-485c-9b10-7c77af28ab5b} | 7 | 19985273102270464 | Intel(R) Dual Band Wireless-AC 8260 | 3 | 492
10400,2025-04-08 11:14:37.192516,Microsoft-Windows-NDIS,Unknown,{4d54cdbc-8abc-485c-9b10-7c77af28ab5b} | 7 | 19985273102270464 | Intel(R) Dual Band Wireless-AC 8260 | 3 | 493
10400,2025-04-08 11:14:38.120811,Microsoft-Windows-NDIS,Unknown,{4d54cdbc-8abc-485c-9b10-7c77af28ab5b} | 7 | 19985273102270464 | Intel(R) Dual Band Wireless-AC 8260 | 3 | 494
10400,2025-04-08 11:14:39.184952,Microsoft-Windows-NDIS,Unknown,{4d54cdbc-8abc-485c-9b10-7c77af28ab5b} | 7 | 19985273102270464 | Intel(R) Dual Band Wireless-AC 8260 | 3 | 495
10400,2025-04-08 11:14:40.208166,Microsoft-Windows-NDIS,Unknown,{4d54cdbc-8abc-485c-9b10-7c77af28ab5b} | 7 | 19985273102270464 | Intel(R) Dual Band Wireless-AC 8260 | 3 | 496
10400,2025-04-08 11:14:41.535467,Microsoft-Windows-NDIS,Unknown,{4d54cdbc-8abc-485c-9b10-7c77af28ab5b} | 7 | 19985273102270464 | Intel(R) Dual Band Wireless-AC 8260 | 3 | 497
10400,2025-04-08 11:14:42.896448,Microsoft-Windows-NDIS,Unknown,{4d54cdbc-8abc-485c-9b10-7c77af28ab5b} | 7 | 19985273102270464 | Intel(R) Dual Band Wireless-AC 8260 | 3 | 498
10400,2025-04-08 11:14:44.179960,Microsoft-Windows-NDIS,Unknown,{4d54cdbc-8abc-485c-9b10-7c77af28ab5b} | 7 | 19985273102270464 | Intel(R) Dual Band Wireless-AC 8260 | 3 | 499
10400,2025-04-08 11:14:45.146849,Microsoft-Windows-NDIS,Unknown,{4d54cdbc-8abc-485c-9b10-7c77af28ab5b} | 7 | 19985273102270464 | Intel(R) Dual Band Wireless-AC 8260 | 3 | 500
10400,2025-04-08 11:14:50.296844,Microsoft-Windows-NDIS,Unknown,{4d54cdbc-8abc-485c-9b10-7c77af28ab5b} | 7 | 19985273102270464 | Intel(R) Dual Band Wireless-AC 8260 | 3 | 501
10400,2025-04-08 11:14:51.286186,Microsoft-Windows-NDIS,Unknown,{4d54cdbc-8abc-485c-9b10-7c77af28ab5b} | 7 | 19985273102270464 | Intel(R) Dual Band Wireless-AC 8260 | 3 | 502
10400,2025-04-08 11:14:52.274761,Microsoft-Windows-NDIS,Unknown,{4d54cdbc-8abc-485c-9b10-7c77af28ab5b} | 7 | 19985273102270464 | Intel(R) Dual Band Wireless-AC 8260 | 3 | 503
10400,2025-04-08 11:14:53.424866,Microsoft-Windows-NDIS,Unknown,{4d54cdbc-8abc-485c-9b10-7c77af28ab5b} | 7 | 19985273102270464 | Intel(R) Dual Band Wireless-AC 8260 | 3 | 504
10400,2025-04-08 11:14:54.406685,Microsoft-Windows-NDIS,Unknown,{4d54cdbc-8abc-485c-9b10-7c77af28ab5b} | 7 | 19985273102270464 | Intel(R) Dual Band Wireless-AC 8260 | 3 | 505
10400,2025-04-08 11:14:55.391617,Microsoft-Windows-NDIS,Unknown,{4d54cdbc-8abc-485c-9b10-7c77af28ab5b} | 7 | 19985273102270464 | Intel(R) Dual Band Wireless-AC 8260 | 3 | 506
10400,2025-04-08 11:14:56.320564,Microsoft-Windows-NDIS,Unknown,{4d54cdbc-8abc-485c-9b10-7c77af28ab5b} | 7 | 19985273102270464 | Intel(R) Dual Band Wireless-AC 8260 | 3 | 507
10400,2025-04-08 11:14:57.212269,Microsoft-Windows-NDIS,Unknown,{4d54cdbc-8abc-485c-9b10-7c77af28ab5b} | 7 | 19985273102270464 | Intel(R) Dual Band Wireless-AC 8260 | 3 | 508
10400,2025-04-08 11:14:58.133535,Microsoft-Windows-NDIS,Unknown,{4d54cdbc-8abc-485c-9b10-7c77af28ab5b} | 7 | 19985273102270464 | Intel(R) Dual Band Wireless-AC 8260 | 3 | 509
10400,2025-04-08 11:14:59.061731,Microsoft-Windows-NDIS,Unknown,{4d54cdbc-8abc-485c-9b10-7c77af28ab5b} | 7 | 19985273102270464 | Intel(R) Dual Band Wireless-AC 8260 | 3 | 510
10400,2025-04-08 11:15:00.092228,Microsoft-Windows-NDIS,Unknown,{4d54cdbc-8abc-485c-9b10-7c77af28ab5b} | 7 | 19985273102270464 | Intel(R) Dual Band Wireless-AC 8260 | 3 | 511
10400,2025-04-08 11:15:01.048212,Microsoft-Windows-NDIS,Unknown,{4d54cdbc-8abc-485c-9b10-7c77af28ab5b} | 7 | 19985273102270464 | Intel(R) Dual Band Wireless-AC 8260 | 3 | 512
10400,2025-04-08 11:15:01.853043,Microsoft-Windows-NDIS,Unknown,{4d54cdbc-8abc-485c-9b10-7c77af28ab5b} | 7 | 19985273102270464 | Intel(R) Dual Band Wireless-AC 8260 | 3 | 513
10400,2025-04-08 11:15:02.780371,Microsoft-Windows-NDIS,Unknown,{4d54cdbc-8abc-485c-9b10-7c77af28ab5b} | 7 | 19985273102270464 | Intel(R) Dual Band Wireless-AC 8260 | 3 | 514
10400,2025-04-08 11:15:53.465992,Microsoft-Windows-NDIS,Unknown,{4d54cdbc-8abc-485c-9b10-7c77af28ab5b} | 7 | 19985273102270464 | Intel(R) Dual Band Wireless-AC 8260 | 3 | 515
10400,2025-04-08 11:16:05.857853,Microsoft-Windows-NDIS,Unknown,{4d54cdbc-8abc-485c-9b10-7c77af28ab5b} | 7 | 19985273102270464 | Intel(R) Dual Band Wireless-AC 8260 | 3 | 516
10400,2025-04-08 11:16:15.160282,Microsoft-Windows-NDIS,Unknown,{4d54cdbc-8abc-485c-9b10-7c77af28ab5b} | 7 | 19985273102270464 | Intel(R) Dual Band Wireless-AC 8260 | 3 | 517
10400,2025-04-08 11:16:44.891977,Microsoft-Windows-NDIS,Unknown,{4d54cdbc-8abc-485c-9b10-7c77af28ab5b} | 7 | 19985273102270464 | Intel(R) Dual Band Wireless-AC 8260 | 3 | 518
10400,2025-04-08 11:16:54.114027,Microsoft-Windows-NDIS,Unknown,{4d54cdbc-8abc-485c-9b10-7c77af28ab5b} | 7 | 19985273102270464 | Intel(R) Dual Band Wireless-AC 8260 | 3 | 519
10400,2025-04-08 11:16:57.355940,Microsoft-Windows-NDIS,Unknown,{4d54cdbc-8abc-485c-9b10-7c77af28ab5b} | 7 | 19985273102270464 | Intel(R) Dual Band Wireless-AC 8260 | 3 | 520
10400,2025-04-08 11:16:59.007448,Microsoft-Windows-NDIS,Unknown,{4d54cdbc-8abc-485c-9b10-7c77af28ab5b} | 7 | 19985273102270464 | Intel(R) Dual Band Wireless-AC 8260 | 3 | 521
10400,2025-04-08 11:16:59.925461,Microsoft-Windows-NDIS,Unknown,{4d54cdbc-8abc-485c-9b10-7c77af28ab5b} | 7 | 19985273102270464 | Intel(R) Dual Band Wireless-AC 8260 | 3 | 522
10400,2025-04-08 11:17:01.041319,Microsoft-Windows-NDIS,Unknown,{4d54cdbc-8abc-485c-9b10-7c77af28ab5b} | 7 | 19985273102270464 | Intel(R) Dual Band Wireless-AC 8260 | 3 | 523
10400,2025-04-08 11:17:02.227518,Microsoft-Windows-NDIS,Unknown,{4d54cdbc-8abc-485c-9b10-7c77af28ab5b} | 7 | 19985273102270464 | Intel(R) Dual Band Wireless-AC 8260 | 3 | 524
10400,2025-04-08 11:17:03.391775,Microsoft-Windows-NDIS,Unknown,{4d54cdbc-8abc-485c-9b10-7c77af28ab5b} | 7 | 19985273102270464 | Intel(R) Dual Band Wireless-AC 8260 | 3 | 525
10400,2025-04-08 11:17:04.278599,Microsoft-Windows-NDIS,Unknown,{4d54cdbc-8abc-485c-9b10-7c77af28ab5b} | 7 | 19985273102270464 | Intel(R) Dual Band Wireless-AC 8260 | 3 | 526
10400,2025-04-08 11:17:05.421711,Microsoft-Windows-NDIS,Unknown,{4d54cdbc-8abc-485c-9b10-7c77af28ab5b} | 7 | 19985273102270464 | Intel(R) Dual Band Wireless-AC 8260 | 3 | 527
10400,2025-04-08 11:17:13.379704,Microsoft-Windows-NDIS,Unknown,{4d54cdbc-8abc-485c-9b10-7c77af28ab5b} | 7 | 19985273102270464 | Intel(R) Dual Band Wireless-AC 8260 | 3 | 528
10400,2025-04-08 11:17:27.742046,Microsoft-Windows-NDIS,Unknown,{4d54cdbc-8abc-485c-9b10-7c77af28ab5b} | 7 | 19985273102270464 | Intel(R) Dual Band Wireless-AC 8260 | 3 | 529
10400,2025-04-08 11:17:29.603811,Microsoft-Windows-NDIS,Unknown,{4d54cdbc-8abc-485c-9b10-7c77af28ab5b} | 7 | 19985273102270464 | Intel(R) Dual Band Wireless-AC 8260 | 3 | 530
10400,2025-04-08 11:17:32.527283,Microsoft-Windows-NDIS,Unknown,{4d54cdbc-8abc-485c-9b10-7c77af28ab5b} | 7 | 19985273102270464 | Intel(R) Dual Band Wireless-AC 8260 | 3 | 531
10400,2025-04-08 11:17:34.152409,Microsoft-Windows-NDIS,Unknown,{4d54cdbc-8abc-485c-9b10-7c77af28ab5b} | 7 | 19985273102270464 | Intel(R) Dual Band Wireless-AC 8260 | 3 | 532
10400,2025-04-08 11:17:36.114374,Microsoft-Windows-NDIS,Unknown,{4d54cdbc-8abc-485c-9b10-7c77af28ab5b} | 7 | 19985273102270464 | Intel(R) Dual Band Wireless-AC 8260 | 3 | 533
10400,2025-04-08 11:17:46.699886,Microsoft-Windows-NDIS,Unknown,{4d54cdbc-8abc-485c-9b10-7c77af28ab5b} | 7 | 19985273102270464 | Intel(R) Dual Band Wireless-AC 8260 | 3 | 534
10400,2025-04-08 11:17:48.211933,Microsoft-Windows-NDIS,Unknown,{4d54cdbc-8abc-485c-9b10-7c77af28ab5b} | 7 | 19985273102270464 | Intel(R) Dual Band Wireless-AC 8260 | 3 | 535
10400,2025-04-08 11:17:50.076645,Microsoft-Windows-NDIS,Unknown,{4d54cdbc-8abc-485c-9b10-7c77af28ab5b} | 7 | 19985273102270464 | Intel(R) Dual Band Wireless-AC 8260 | 3 | 536
10400,2025-04-08 11:17:52.350714,Microsoft-Windows-NDIS,Unknown,{4d54cdbc-8abc-485c-9b10-7c77af28ab5b} | 7 | 19985273102270464 | Intel(R) Dual Band Wireless-AC 8260 | 3 | 537
10400,2025-04-08 11:17:54.325905,Microsoft-Windows-NDIS,Unknown,{4d54cdbc-8abc-485c-9b10-7c77af28ab5b} | 7 | 19985273102270464 | Intel(R) Dual Band Wireless-AC 8260 | 3 | 538
10400,2025-04-08 11:17:56.753576,Microsoft-Windows-NDIS,Unknown,{4d54cdbc-8abc-485c-9b10-7c77af28ab5b} | 7 | 19985273102270464 | Intel(R) Dual Band Wireless-AC 8260 | 3 | 539
10400,2025-04-08 11:17:59.112486,Microsoft-Windows-NDIS,Unknown,{4d54cdbc-8abc-485c-9b10-7c77af28ab5b} | 7 | 19985273102270464 | Intel(R) Dual Band Wireless-AC 8260 | 3 | 540
10400,2025-04-08 11:18:00.677929,Microsoft-Windows-NDIS,Unknown,{4d54cdbc-8abc-485c-9b10-7c77af28ab5b} | 7 | 19985273102270464 | Intel(R) Dual Band Wireless-AC 8260 | 3 | 541
10400,2025-04-08 11:18:01.652287,Microsoft-Windows-NDIS,Unknown,{4d54cdbc-8abc-485c-9b10-7c77af28ab5b} | 7 | 19985273102270464 | Intel(R) Dual Band Wireless-AC 8260 | 3 | 542
10400,2025-04-08 11:18:03.011221,Microsoft-Windows-NDIS,Unknown,{4d54cdbc-8abc-485c-9b10-7c77af28ab5b} | 7 | 19985273102270464 | Intel(R) Dual Band Wireless-AC 8260 | 3 | 543
10400,2025-04-08 11:18:04.854406,Microsoft-Windows-NDIS,Unknown,{4d54cdbc-8abc-485c-9b10-7c77af28ab5b} | 7 | 19985273102270464 | Intel(R) Dual Band Wireless-AC 8260 | 3 | 544
10400,2025-04-08 11:18:06.049252,Microsoft-Windows-NDIS,Unknown,{4d54cdbc-8abc-485c-9b10-7c77af28ab5b} | 7 | 19985273102270464 | Intel(R) Dual Band Wireless-AC 8260 | 3 | 545
10400,2025-04-08 11:18:07.127193,Microsoft-Windows-NDIS,Unknown,{4d54cdbc-8abc-485c-9b10-7c77af28ab5b} | 7 | 19985273102270464 | Intel(R) Dual Band Wireless-AC 8260 | 3 | 546
10400,2025-04-08 11:18:08.601871,Microsoft-Windows-NDIS,Unknown,{4d54cdbc-8abc-485c-9b10-7c77af28ab5b} | 7 | 19985273102270464 | Intel(R) Dual Band Wireless-AC 8260 | 3 | 547
10400,2025-04-08 11:18:09.744501,Microsoft-Windows-NDIS,Unknown,{4d54cdbc-8abc-485c-9b10-7c77af28ab5b} | 7 | 19985273102270464 | Intel(R) Dual Band Wireless-AC 8260 | 3 | 548
10400,2025-04-08 11:18:10.786182,Microsoft-Windows-NDIS,Unknown,{4d54cdbc-8abc-485c-9b10-7c77af28ab5b} | 7 | 19985273102270464 | Intel(R) Dual Band Wireless-AC 8260 | 3 | 549
10400,2025-04-08 11:18:11.890297,Microsoft-Windows-NDIS,Unknown,{4d54cdbc-8abc-485c-9b10-7c77af28ab5b} | 7 | 19985273102270464 | Intel(R) Dual Band Wireless-AC 8260 | 3 | 550
10400,2025-04-08 11:18:12.947386,Microsoft-Windows-NDIS,Unknown,{4d54cdbc-8abc-485c-9b10-7c77af28ab5b} | 7 | 19985273102270464 | Intel(R) Dual Band Wireless-AC 8260 | 3 | 551
10400,2025-04-08 11:18:14.109863,Microsoft-Windows-NDIS,Unknown,{4d54cdbc-8abc-485c-9b10-7c77af28ab5b} | 7 | 19985273102270464 | Intel(R) Dual Band Wireless-AC 8260 | 3 | 552
10400,2025-04-08 11:18:15.887218,Microsoft-Windows-NDIS,Unknown,{4d54cdbc-8abc-485c-9b10-7c77af28ab5b} | 7 | 19985273102270464 | Intel(R) Dual Band Wireless-AC 8260 | 3 | 553
10400,2025-04-08 11:18:17.712561,Microsoft-Windows-NDIS,Unknown,{4d54cdbc-8abc-485c-9b10-7c77af28ab5b} | 7 | 19985273102270464 | Intel(R) Dual Band Wireless-AC 8260 | 3 | 554
10400,2025-04-08 11:18:20.194168,Microsoft-Windows-NDIS,Unknown,{4d54cdbc-8abc-485c-9b10-7c77af28ab5b} | 7 | 19985273102270464 | Intel(R) Dual Band Wireless-AC 8260 | 3 | 555
10400,2025-04-08 11:18:34.187565,Microsoft-Windows-NDIS,Unknown,{4d54cdbc-8abc-485c-9b10-7c77af28ab5b} | 7 | 19985273102270464 | Intel(R) Dual Band Wireless-AC 8260 | 3 | 556
10400,2025-04-08 11:18:35.597609,Microsoft-Windows-NDIS,Unknown,{4d54cdbc-8abc-485c-9b10-7c77af28ab5b} | 7 | 19985273102270464 | Intel(R) Dual Band Wireless-AC 8260 | 3 | 557
10400,2025-04-08 11:18:37.299011,Microsoft-Windows-NDIS,Unknown,{4d54cdbc-8abc-485c-9b10-7c77af28ab5b} | 7 | 19985273102270464 | Intel(R) Dual Band Wireless-AC 8260 | 3 | 558
10400,2025-04-08 11:18:38.299353,Microsoft-Windows-NDIS,Unknown,{4d54cdbc-8abc-485c-9b10-7c77af28ab5b} | 7 | 19985273102270464 | Intel(R) Dual Band Wireless-AC 8260 | 3 | 559
10400,2025-04-08 11:18:39.355963,Microsoft-Windows-NDIS,Unknown,{4d54cdbc-8abc-485c-9b10-7c77af28ab5b} | 7 | 19985273102270464 | Intel(R) Dual Band Wireless-AC 8260 | 3 | 560
10400,2025-04-08 11:18:40.156675,Microsoft-Windows-NDIS,Unknown,{4d54cdbc-8abc-485c-9b10-7c77af28ab5b} | 7 | 19985273102270464 | Intel(R) Dual Band Wireless-AC 8260 | 3 | 561
10400,2025-04-08 11:18:41.124638,Microsoft-Windows-NDIS,Unknown,{4d54cdbc-8abc-485c-9b10-7c77af28ab5b} | 7 | 19985273102270464 | Intel(R) Dual Band Wireless-AC 8260 | 3 | 562
10400,2025-04-08 11:18:42.211000,Microsoft-Windows-NDIS,Unknown,{4d54cdbc-8abc-485c-9b10-7c77af28ab5b} | 7 | 19985273102270464 | Intel(R) Dual Band Wireless-AC 8260 | 3 | 563
10400,2025-04-08 11:18:43.421103,Microsoft-Windows-NDIS,Unknown,{4d54cdbc-8abc-485c-9b10-7c77af28ab5b} | 7 | 19985273102270464 | Intel(R) Dual Band Wireless-AC 8260 | 3 | 564
10400,2025-04-08 11:18:44.371058,Microsoft-Windows-NDIS,Unknown,{4d54cdbc-8abc-485c-9b10-7c77af28ab5b} | 7 | 19985273102270464 | Intel(R) Dual Band Wireless-AC 8260 | 3 | 565
10400,2025-04-08 11:18:45.535717,Microsoft-Windows-NDIS,Unknown,{4d54cdbc-8abc-485c-9b10-7c77af28ab5b} | 7 | 19985273102270464 | Intel(R) Dual Band Wireless-AC 8260 | 3 | 566
10400,2025-04-08 11:18:47.054890,Microsoft-Windows-NDIS,Unknown,{4d54cdbc-8abc-485c-9b10-7c77af28ab5b} | 7 | 19985273102270464 | Intel(R) Dual Band Wireless-AC 8260 | 3 | 567
10400,2025-04-08 11:18:48.199530,Microsoft-Windows-NDIS,Unknown,{4d54cdbc-8abc-485c-9b10-7c77af28ab5b} | 7 | 19985273102270464 | Intel(R) Dual Band Wireless-AC 8260 | 3 | 568
10400,2025-04-08 11:18:49.639791,Microsoft-Windows-NDIS,Unknown,{4d54cdbc-8abc-485c-9b10-7c77af28ab5b} | 7 | 19985273102270464 | Intel(R) Dual Band Wireless-AC 8260 | 3 | 569
10400,2025-04-08 11:18:51.426544,Microsoft-Windows-NDIS,Unknown,{4d54cdbc-8abc-485c-9b10-7c77af28ab5b} | 7 | 19985273102270464 | Intel(R) Dual Band Wireless-AC 8260 | 3 | 570
10400,2025-04-08 11:18:52.413519,Microsoft-Windows-NDIS,Unknown,{4d54cdbc-8abc-485c-9b10-7c77af28ab5b} | 7 | 19985273102270464 | Intel(R) Dual Band Wireless-AC 8260 | 3 | 571
10400,2025-04-08 11:18:53.639956,Microsoft-Windows-NDIS,Unknown,{4d54cdbc-8abc-485c-9b10-7c77af28ab5b} | 7 | 19985273102270464 | Intel(R) Dual Band Wireless-AC 8260 | 3 | 572
10400,2025-04-08 11:18:55.124401,Microsoft-Windows-NDIS,Unknown,{4d54cdbc-8abc-485c-9b10-7c77af28ab5b} | 7 | 19985273102270464 | Intel(R) Dual Band Wireless-AC 8260 | 3 | 573
10400,2025-04-08 11:18:56.616478,Microsoft-Windows-NDIS,Unknown,{4d54cdbc-8abc-485c-9b10-7c77af28ab5b} | 7 | 19985273102270464 | Intel(R) Dual Band Wireless-AC 8260 | 3 | 574
10400,2025-04-08 11:18:58.251991,Microsoft-Windows-NDIS,Unknown,{4d54cdbc-8abc-485c-9b10-7c77af28ab5b} | 7 | 19985273102270464 | Intel(R) Dual Band Wireless-AC 8260 | 3 | 575
10400,2025-04-08 11:19:17.838531,Microsoft-Windows-NDIS,Unknown,{4d54cdbc-8abc-485c-9b10-7c77af28ab5b} | 7 | 19985273102270464 | Intel(R) Dual Band Wireless-AC 8260 | 3 | 576
10400,2025-04-08 11:19:19.219538,Microsoft-Windows-NDIS,Unknown,{4d54cdbc-8abc-485c-9b10-7c77af28ab5b} | 7 | 19985273102270464 | Intel(R) Dual Band Wireless-AC 8260 | 3 | 577
10400,2025-04-08 11:19:20.144588,Microsoft-Windows-NDIS,Unknown,{4d54cdbc-8abc-485c-9b10-7c77af28ab5b} | 7 | 19985273102270464 | Intel(R) Dual Band Wireless-AC 8260 | 3 | 578
10400,2025-04-08 11:19:20.999609,Microsoft-Windows-NDIS,Unknown,{4d54cdbc-8abc-485c-9b10-7c77af28ab5b} | 7 | 19985273102270464 | Intel(R) Dual Band Wireless-AC 8260 | 3 | 579
10400,2025-04-08 11:19:21.806177,Microsoft-Windows-NDIS,Unknown,{4d54cdbc-8abc-485c-9b10-7c77af28ab5b} | 7 | 19985273102270464 | Intel(R) Dual Band Wireless-AC 8260 | 3 | 580
10400,2025-04-08 11:19:22.469440,Microsoft-Windows-NDIS,Unknown,{4d54cdbc-8abc-485c-9b10-7c77af28ab5b} | 7 | 19985273102270464 | Intel(R) Dual Band Wireless-AC 8260 | 3 | 581
10400,2025-04-08 11:19:23.635931,Microsoft-Windows-NDIS,Unknown,{4d54cdbc-8abc-485c-9b10-7c77af28ab5b} | 7 | 19985273102270464 | Intel(R) Dual Band Wireless-AC 8260 | 3 | 582
10400,2025-04-08 11:19:24.531012,Microsoft-Windows-NDIS,Unknown,{4d54cdbc-8abc-485c-9b10-7c77af28ab5b} | 7 | 19985273102270464 | Intel(R) Dual Band Wireless-AC 8260 | 3 | 583
10400,2025-04-08 11:19:34.561735,Microsoft-Windows-NDIS,Unknown,{4d54cdbc-8abc-485c-9b10-7c77af28ab5b} | 7 | 19985273102270464 | Intel(R) Dual Band Wireless-AC 8260 | 3 | 584
10400,2025-04-08 11:19:35.335926,Microsoft-Windows-NDIS,Unknown,{4d54cdbc-8abc-485c-9b10-7c77af28ab5b} | 7 | 19985273102270464 | Intel(R) Dual Band Wireless-AC 8260 | 3 | 585
10400,2025-04-08 11:19:36.119947,Microsoft-Windows-NDIS,Unknown,{4d54cdbc-8abc-485c-9b10-7c77af28ab5b} | 7 | 19985273102270464 | Intel(R) Dual Band Wireless-AC 8260 | 3 | 586
10400,2025-04-08 11:19:37.006901,Microsoft-Windows-NDIS,Unknown,{4d54cdbc-8abc-485c-9b10-7c77af28ab5b} | 7 | 19985273102270464 | Intel(R) Dual Band Wireless-AC 8260 | 3 | 587
10400,2025-04-08 11:19:37.826820,Microsoft-Windows-NDIS,Unknown,{4d54cdbc-8abc-485c-9b10-7c77af28ab5b} | 7 | 19985273102270464 | Intel(R) Dual Band Wireless-AC 8260 | 3 | 588
10400,2025-04-08 11:19:38.600187,Microsoft-Windows-NDIS,Unknown,{4d54cdbc-8abc-485c-9b10-7c77af28ab5b} | 7 | 19985273102270464 | Intel(R) Dual Band Wireless-AC 8260 | 3 | 589
10400,2025-04-08 11:19:39.674646,Microsoft-Windows-NDIS,Unknown,{4d54cdbc-8abc-485c-9b10-7c77af28ab5b} | 7 | 19985273102270464 | Intel(R) Dual Band Wireless-AC 8260 | 3 | 590
10400,2025-04-08 11:19:40.415188,Microsoft-Windows-NDIS,Unknown,{4d54cdbc-8abc-485c-9b10-7c77af28ab5b} | 7 | 19985273102270464 | Intel(R) Dual Band Wireless-AC 8260 | 3 | 591
10400,2025-04-08 11:19:41.393190,Microsoft-Windows-NDIS,Unknown,{4d54cdbc-8abc-485c-9b10-7c77af28ab5b} | 7 | 19985273102270464 | Intel(R) Dual Band Wireless-AC 8260 | 3 | 592
10400,2025-04-08 11:19:42.230955,Microsoft-Windows-NDIS,Unknown,{4d54cdbc-8abc-485c-9b10-7c77af28ab5b} | 7 | 19985273102270464 | Intel(R) Dual Band Wireless-AC 8260 | 3 | 593
10400,2025-04-08 11:19:43.252195,Microsoft-Windows-NDIS,Unknown,{4d54cdbc-8abc-485c-9b10-7c77af28ab5b} | 7 | 19985273102270464 | Intel(R) Dual Band Wireless-AC 8260 | 3 | 594
10400,2025-04-08 11:19:44.125656,Microsoft-Windows-NDIS,Unknown,{4d54cdbc-8abc-485c-9b10-7c77af28ab5b} | 7 | 19985273102270464 | Intel(R) Dual Band Wireless-AC 8260 | 3 | 595
10400,2025-04-08 11:19:45.120659,Microsoft-Windows-NDIS,Unknown,{4d54cdbc-8abc-485c-9b10-7c77af28ab5b} | 7 | 19985273102270464 | Intel(R) Dual Band Wireless-AC 8260 | 3 | 596
10400,2025-04-08 11:19:46.261391,Microsoft-Windows-NDIS,Unknown,{4d54cdbc-8abc-485c-9b10-7c77af28ab5b} | 7 | 19985273102270464 | Intel(R) Dual Band Wireless-AC 8260 | 3 | 597
10400,2025-04-08 11:19:47.233429,Microsoft-Windows-NDIS,Unknown,{4d54cdbc-8abc-485c-9b10-7c77af28ab5b} | 7 | 19985273102270464 | Intel(R) Dual Band Wireless-AC 8260 | 3 | 598
10400,2025-04-08 11:19:48.224058,Microsoft-Windows-NDIS,Unknown,{4d54cdbc-8abc-485c-9b10-7c77af28ab5b} | 7 | 19985273102270464 | Intel(R) Dual Band Wireless-AC 8260 | 3 | 599
10400,2025-04-08 11:19:51.525116,Microsoft-Windows-NDIS,Unknown,{4d54cdbc-8abc-485c-9b10-7c77af28ab5b} | 7 | 19985273102270464 | Intel(R) Dual Band Wireless-AC 8260 | 3 | 600
10400,2025-04-08 11:19:52.667763,Microsoft-Windows-NDIS,Unknown,{4d54cdbc-8abc-485c-9b10-7c77af28ab5b} | 7 | 19985273102270464 | Intel(R) Dual Band Wireless-AC 8260 | 3 | 601
10400,2025-04-08 11:20:01.564404,Microsoft-Windows-NDIS,Unknown,{4d54cdbc-8abc-485c-9b10-7c77af28ab5b} | 7 | 19985273102270464 | Intel(R) Dual Band Wireless-AC 8260 | 3 | 602
10400,2025-04-08 11:20:02.313551,Microsoft-Windows-NDIS,Unknown,{4d54cdbc-8abc-485c-9b10-7c77af28ab5b} | 7 | 19985273102270464 | Intel(R) Dual Band Wireless-AC 8260 | 3 | 603
10400,2025-04-08 11:20:03.096470,Microsoft-Windows-NDIS,Unknown,{4d54cdbc-8abc-485c-9b10-7c77af28ab5b} | 7 | 19985273102270464 | Intel(R) Dual Band Wireless-AC 8260 | 3 | 604
10400,2025-04-08 11:20:03.803682,Microsoft-Windows-NDIS,Unknown,{4d54cdbc-8abc-485c-9b10-7c77af28ab5b} | 7 | 19985273102270464 | Intel(R) Dual Band Wireless-AC 8260 | 3 | 605
10400,2025-04-08 11:20:04.501650,Microsoft-Windows-NDIS,Unknown,{4d54cdbc-8abc-485c-9b10-7c77af28ab5b} | 7 | 19985273102270464 | Intel(R) Dual Band Wireless-AC 8260 | 3 | 606
10400,2025-04-08 11:20:05.223351,Microsoft-Windows-NDIS,Unknown,{4d54cdbc-8abc-485c-9b10-7c77af28ab5b} | 7 | 19985273102270464 | Intel(R) Dual Band Wireless-AC 8260 | 3 | 607
10400,2025-04-08 11:20:08.003716,Microsoft-Windows-NDIS,Unknown,{4d54cdbc-8abc-485c-9b10-7c77af28ab5b} | 7 | 19985273102270464 | Intel(R) Dual Band Wireless-AC 8260 | 3 | 608
10400,2025-04-08 11:20:08.771658,Microsoft-Windows-NDIS,Unknown,{4d54cdbc-8abc-485c-9b10-7c77af28ab5b} | 7 | 19985273102270464 | Intel(R) Dual Band Wireless-AC 8260 | 3 | 609
10400,2025-04-08 11:20:09.587303,Microsoft-Windows-NDIS,Unknown,{4d54cdbc-8abc-485c-9b10-7c77af28ab5b} | 7 | 19985273102270464 | Intel(R) Dual Band Wireless-AC 8260 | 3 | 610
10400,2025-04-08 11:20:10.359921,Microsoft-Windows-NDIS,Unknown,{4d54cdbc-8abc-485c-9b10-7c77af28ab5b} | 7 | 19985273102270464 | Intel(R) Dual Band Wireless-AC 8260 | 3 | 611
10400,2025-04-08 11:20:11.239277,Microsoft-Windows-NDIS,Unknown,{4d54cdbc-8abc-485c-9b10-7c77af28ab5b} | 7 | 19985273102270464 | Intel(R) Dual Band Wireless-AC 8260 | 3 | 612
10400,2025-04-08 11:20:11.845209,Microsoft-Windows-NDIS,Unknown,{4d54cdbc-8abc-485c-9b10-7c77af28ab5b} | 7 | 19985273102270464 | Intel(R) Dual Band Wireless-AC 8260 | 3 | 613
10400,2025-04-08 11:20:12.724186,Microsoft-Windows-NDIS,Unknown,{4d54cdbc-8abc-485c-9b10-7c77af28ab5b} | 7 | 19985273102270464 | Intel(R) Dual Band Wireless-AC 8260 | 3 | 614
10400,2025-04-08 11:20:13.515505,Microsoft-Windows-NDIS,Unknown,{4d54cdbc-8abc-485c-9b10-7c77af28ab5b} | 7 | 19985273102270464 | Intel(R) Dual Band Wireless-AC 8260 | 3 | 615
10400,2025-04-08 11:20:28.601856,Microsoft-Windows-NDIS,Unknown,{4d54cdbc-8abc-485c-9b10-7c77af28ab5b} | 7 | 19985273102270464 | Intel(R) Dual Band Wireless-AC 8260 | 3 | 616
10400,2025-04-08 11:20:29.840614,Microsoft-Windows-NDIS,Unknown,{4d54cdbc-8abc-485c-9b10-7c77af28ab5b} | 7 | 19985273102270464 | Intel(R) Dual Band Wireless-AC 8260 | 3 | 617
10400,2025-04-08 11:20:59.486786,Microsoft-Windows-NDIS,Unknown,{4d54cdbc-8abc-485c-9b10-7c77af28ab5b} | 7 | 19985273102270464 | Intel(R) Dual Band Wireless-AC 8260 | 3 | 618
10400,2025-04-08 11:21:00.939634,Microsoft-Windows-NDIS,Unknown,{4d54cdbc-8abc-485c-9b10-7c77af28ab5b} | 7 | 19985273102270464 | Intel(R) Dual Band Wireless-AC 8260 | 3 | 619
10400,2025-04-08 11:21:02.067057,Microsoft-Windows-NDIS,Unknown,{4d54cdbc-8abc-485c-9b10-7c77af28ab5b} | 7 | 19985273102270464 | Intel(R) Dual Band Wireless-AC 8260 | 3 | 620
10400,2025-04-08 11:21:03.142473,Microsoft-Windows-NDIS,Unknown,{4d54cdbc-8abc-485c-9b10-7c77af28ab5b} | 7 | 19985273102270464 | Intel(R) Dual Band Wireless-AC 8260 | 3 | 621
10400,2025-04-08 11:21:04.342285,Microsoft-Windows-NDIS,Unknown,{4d54cdbc-8abc-485c-9b10-7c77af28ab5b} | 7 | 19985273102270464 | Intel(R) Dual Band Wireless-AC 8260 | 3 | 622
10400,2025-04-08 11:21:48.949095,Microsoft-Windows-NDIS,Unknown,{4d54cdbc-8abc-485c-9b10-7c77af28ab5b} | 7 | 19985273102270464 | Intel(R) Dual Band Wireless-AC 8260 | 3 | 623
10400,2025-04-08 11:21:50.587923,Microsoft-Windows-NDIS,Unknown,{4d54cdbc-8abc-485c-9b10-7c77af28ab5b} | 7 | 19985273102270464 | Intel(R) Dual Band Wireless-AC 8260 | 3 | 624
10400,2025-04-08 11:22:13.875359,Microsoft-Windows-NDIS,Unknown,{4d54cdbc-8abc-485c-9b10-7c77af28ab5b} | 7 | 19985273102270464 | Intel(R) Dual Band Wireless-AC 8260 | 3 | 625
10400,2025-04-08 11:22:21.154615,Microsoft-Windows-NDIS,Unknown,{4d54cdbc-8abc-485c-9b10-7c77af28ab5b} | 7 | 19985273102270464 | Intel(R) Dual Band Wireless-AC 8260 | 3 | 626
10400,2025-04-08 11:22:22.378988,Microsoft-Windows-NDIS,Unknown,{4d54cdbc-8abc-485c-9b10-7c77af28ab5b} | 7 | 19985273102270464 | Intel(R) Dual Band Wireless-AC 8260 | 3 | 627
10400,2025-04-08 11:22:23.647614,Microsoft-Windows-NDIS,Unknown,{4d54cdbc-8abc-485c-9b10-7c77af28ab5b} | 7 | 19985273102270464 | Intel(R) Dual Band Wireless-AC 8260 | 3 | 628
10400,2025-04-08 11:22:25.055964,Microsoft-Windows-NDIS,Unknown,{4d54cdbc-8abc-485c-9b10-7c77af28ab5b} | 7 | 19985273102270464 | Intel(R) Dual Band Wireless-AC 8260 | 3 | 629
10400,2025-04-08 11:22:26.139423,Microsoft-Windows-NDIS,Unknown,{4d54cdbc-8abc-485c-9b10-7c77af28ab5b} | 7 | 19985273102270464 | Intel(R) Dual Band Wireless-AC 8260 | 3 | 630
10400,2025-04-08 11:22:28.480011,Microsoft-Windows-NDIS,Unknown,{4d54cdbc-8abc-485c-9b10-7c77af28ab5b} | 7 | 19985273102270464 | Intel(R) Dual Band Wireless-AC 8260 | 3 | 631
10400,2025-04-08 11:22:29.958179,Microsoft-Windows-NDIS,Unknown,{4d54cdbc-8abc-485c-9b10-7c77af28ab5b} | 7 | 19985273102270464 | Intel(R) Dual Band Wireless-AC 8260 | 3 | 632
10400,2025-04-08 11:22:31.029018,Microsoft-Windows-NDIS,Unknown,{4d54cdbc-8abc-485c-9b10-7c77af28ab5b} | 7 | 19985273102270464 | Intel(R) Dual Band Wireless-AC 8260 | 3 | 633
10400,2025-04-08 11:22:32.068787,Microsoft-Windows-NDIS,Unknown,{4d54cdbc-8abc-485c-9b10-7c77af28ab5b} | 7 | 19985273102270464 | Intel(R) Dual Band Wireless-AC 8260 | 3 | 634
10400,2025-04-08 11:22:33.307302,Microsoft-Windows-NDIS,Unknown,{4d54cdbc-8abc-485c-9b10-7c77af28ab5b} | 7 | 19985273102270464 | Intel(R) Dual Band Wireless-AC 8260 | 3 | 635
10400,2025-04-08 11:22:54.726957,Microsoft-Windows-NDIS,Unknown,{4d54cdbc-8abc-485c-9b10-7c77af28ab5b} | 7 | 19985273102270464 | Intel(R) Dual Band Wireless-AC 8260 | 3 | 636
10400,2025-04-08 11:22:55.897055,Microsoft-Windows-NDIS,Unknown,{4d54cdbc-8abc-485c-9b10-7c77af28ab5b} | 7 | 19985273102270464 | Intel(R) Dual Band Wireless-AC 8260 | 3 | 637
10400,2025-04-08 11:22:57.093567,Microsoft-Windows-NDIS,Unknown,{4d54cdbc-8abc-485c-9b10-7c77af28ab5b} | 7 | 19985273102270464 | Intel(R) Dual Band Wireless-AC 8260 | 3 | 638
10400,2025-04-08 11:23:01.658728,Microsoft-Windows-NDIS,Unknown,{4d54cdbc-8abc-485c-9b10-7c77af28ab5b} | 7 | 19985273102270464 | Intel(R) Dual Band Wireless-AC 8260 | 3 | 639
10400,2025-04-08 11:23:02.671150,Microsoft-Windows-NDIS,Unknown,{4d54cdbc-8abc-485c-9b10-7c77af28ab5b} | 7 | 19985273102270464 | Intel(R) Dual Band Wireless-AC 8260 | 3 | 640
10400,2025-04-08 11:23:03.958111,Microsoft-Windows-NDIS,Unknown,{4d54cdbc-8abc-485c-9b10-7c77af28ab5b} | 7 | 19985273102270464 | Intel(R) Dual Band Wireless-AC 8260 | 3 | 641
10400,2025-04-08 11:23:24.865562,Microsoft-Windows-NDIS,Unknown,{4d54cdbc-8abc-485c-9b10-7c77af28ab5b} | 7 | 19985273102270464 | Intel(R) Dual Band Wireless-AC 8260 | 3 | 642
10400,2025-04-08 11:23:33.830349,Microsoft-Windows-NDIS,Unknown,{4d54cdbc-8abc-485c-9b10-7c77af28ab5b} | 7 | 19985273102270464 | Intel(R) Dual Band Wireless-AC 8260 | 3 | 643
10400,2025-04-08 11:25:00.878431,Microsoft-Windows-NDIS,Unknown,{4d54cdbc-8abc-485c-9b10-7c77af28ab5b} | 7 | 19985273102270464 | Intel(R) Dual Band Wireless-AC 8260 | 3 | 644
10400,2025-04-08 11:25:02.098570,Microsoft-Windows-NDIS,Unknown,{4d54cdbc-8abc-485c-9b10-7c77af28ab5b} | 7 | 19985273102270464 | Intel(R) Dual Band Wireless-AC 8260 | 3 | 645
10400,2025-04-08 11:25:03.382694,Microsoft-Windows-NDIS,Unknown,{4d54cdbc-8abc-485c-9b10-7c77af28ab5b} | 7 | 19985273102270464 | Intel(R) Dual Band Wireless-AC 8260 | 3 | 646
10400,2025-04-08 11:25:04.619093,Microsoft-Windows-NDIS,Unknown,{4d54cdbc-8abc-485c-9b10-7c77af28ab5b} | 7 | 19985273102270464 | Intel(R) Dual Band Wireless-AC 8260 | 3 | 647
10400,2025-04-08 11:25:05.730917,Microsoft-Windows-NDIS,Unknown,{4d54cdbc-8abc-485c-9b10-7c77af28ab5b} | 7 | 19985273102270464 | Intel(R) Dual Band Wireless-AC 8260 | 3 | 648
10400,2025-04-08 11:25:13.082207,Microsoft-Windows-NDIS,Unknown,{4d54cdbc-8abc-485c-9b10-7c77af28ab5b} | 7 | 19985273102270464 | Intel(R) Dual Band Wireless-AC 8260 | 3 | 649
10400,2025-04-08 11:25:14.560173,Microsoft-Windows-NDIS,Unknown,{4d54cdbc-8abc-485c-9b10-7c77af28ab5b} | 7 | 19985273102270464 | Intel(R) Dual Band Wireless-AC 8260 | 3 | 650
10400,2025-04-08 11:25:15.634888,Microsoft-Windows-NDIS,Unknown,{4d54cdbc-8abc-485c-9b10-7c77af28ab5b} | 7 | 19985273102270464 | Intel(R) Dual Band Wireless-AC 8260 | 3 | 651
10400,2025-04-08 11:25:16.816568,Microsoft-Windows-NDIS,Unknown,{4d54cdbc-8abc-485c-9b10-7c77af28ab5b} | 7 | 19985273102270464 | Intel(R) Dual Band Wireless-AC 8260 | 3 | 652
10400,2025-04-08 11:25:17.890963,Microsoft-Windows-NDIS,Unknown,{4d54cdbc-8abc-485c-9b10-7c77af28ab5b} | 7 | 19985273102270464 | Intel(R) Dual Band Wireless-AC 8260 | 3 | 653
10400,2025-04-08 11:25:41.065420,Microsoft-Windows-NDIS,Unknown,{4d54cdbc-8abc-485c-9b10-7c77af28ab5b} | 7 | 19985273102270464 | Intel(R) Dual Band Wireless-AC 8260 | 3 | 654
10400,2025-04-08 11:25:42.164755,Microsoft-Windows-NDIS,Unknown,{4d54cdbc-8abc-485c-9b10-7c77af28ab5b} | 7 | 19985273102270464 | Intel(R) Dual Band Wireless-AC 8260 | 3 | 655
10400,2025-04-08 11:25:43.286463,Microsoft-Windows-NDIS,Unknown,{4d54cdbc-8abc-485c-9b10-7c77af28ab5b} | 7 | 19985273102270464 | Intel(R) Dual Band Wireless-AC 8260 | 3 | 656
10400,2025-04-08 11:25:44.421997,Microsoft-Windows-NDIS,Unknown,{4d54cdbc-8abc-485c-9b10-7c77af28ab5b} | 7 | 19985273102270464 | Intel(R) Dual Band Wireless-AC 8260 | 3 | 657
10400,2025-04-08 11:26:17.456799,Microsoft-Windows-NDIS,Unknown,{4d54cdbc-8abc-485c-9b10-7c77af28ab5b} | 7 | 19985273102270464 | Intel(R) Dual Band Wireless-AC 8260 | 3 | 658
10400,2025-04-08 11:26:18.716234,Microsoft-Windows-NDIS,Unknown,{4d54cdbc-8abc-485c-9b10-7c77af28ab5b} | 7 | 19985273102270464 | Intel(R) Dual Band Wireless-AC 8260 | 3 | 659
10400,2025-04-08 11:26:19.883591,Microsoft-Windows-NDIS,Unknown,{4d54cdbc-8abc-485c-9b10-7c77af28ab5b} | 7 | 19985273102270464 | Intel(R) Dual Band Wireless-AC 8260 | 3 | 660
10400,2025-04-08 11:26:21.134970,Microsoft-Windows-NDIS,Unknown,{4d54cdbc-8abc-485c-9b10-7c77af28ab5b} | 7 | 19985273102270464 | Intel(R) Dual Band Wireless-AC 8260 | 3 | 661
10400,2025-04-08 11:26:22.480505,Microsoft-Windows-NDIS,Unknown,{4d54cdbc-8abc-485c-9b10-7c77af28ab5b} | 7 | 19985273102270464 | Intel(R) Dual Band Wireless-AC 8260 | 3 | 662
10400,2025-04-08 11:26:23.845839,Microsoft-Windows-NDIS,Unknown,{4d54cdbc-8abc-485c-9b10-7c77af28ab5b} | 7 | 19985273102270464 | Intel(R) Dual Band Wireless-AC 8260 | 3 | 663
10400,2025-04-08 11:26:24.856766,Microsoft-Windows-NDIS,Unknown,{4d54cdbc-8abc-485c-9b10-7c77af28ab5b} | 7 | 19985273102270464 | Intel(R) Dual Band Wireless-AC 8260 | 3 | 664
10400,2025-04-08 11:26:26.103373,Microsoft-Windows-NDIS,Unknown,{4d54cdbc-8abc-485c-9b10-7c77af28ab5b} | 7 | 19985273102270464 | Intel(R) Dual Band Wireless-AC 8260 | 3 | 665
10400,2025-04-08 11:26:27.086971,Microsoft-Windows-NDIS,Unknown,{4d54cdbc-8abc-485c-9b10-7c77af28ab5b} | 7 | 19985273102270464 | Intel(R) Dual Band Wireless-AC 8260 | 3 | 666
10400,2025-04-08 11:26:28.278082,Microsoft-Windows-NDIS,Unknown,{4d54cdbc-8abc-485c-9b10-7c77af28ab5b} | 7 | 19985273102270464 | Intel(R) Dual Band Wireless-AC 8260 | 3 | 667
10400,2025-04-08 11:26:54.464989,Microsoft-Windows-NDIS,Unknown,{4d54cdbc-8abc-485c-9b10-7c77af28ab5b} | 7 | 19985273102270464 | Intel(R) Dual Band Wireless-AC 8260 | 3 | 668
10400,2025-04-08 11:27:22.356541,Microsoft-Windows-NDIS,Unknown,{4d54cdbc-8abc-485c-9b10-7c77af28ab5b} | 7 | 19985273102270464 | Intel(R) Dual Band Wireless-AC 8260 | 3 | 669
10400,2025-04-08 11:27:23.718487,Microsoft-Windows-NDIS,Unknown,{4d54cdbc-8abc-485c-9b10-7c77af28ab5b} | 7 | 19985273102270464 | Intel(R) Dual Band Wireless-AC 8260 | 3 | 670
10400,2025-04-08 11:27:28.243902,Microsoft-Windows-NDIS,Unknown,{4d54cdbc-8abc-485c-9b10-7c77af28ab5b} | 7 | 19985273102270464 | Intel(R) Dual Band Wireless-AC 8260 | 3 | 671
10400,2025-04-08 11:27:29.143232,Microsoft-Windows-NDIS,Unknown,{4d54cdbc-8abc-485c-9b10-7c77af28ab5b} | 7 | 19985273102270464 | Intel(R) Dual Band Wireless-AC 8260 | 3 | 672
10400,2025-04-08 11:27:30.257601,Microsoft-Windows-NDIS,Unknown,{4d54cdbc-8abc-485c-9b10-7c77af28ab5b} | 7 | 19985273102270464 | Intel(R) Dual Band Wireless-AC 8260 | 3 | 673
10400,2025-04-08 11:27:31.162930,Microsoft-Windows-NDIS,Unknown,{4d54cdbc-8abc-485c-9b10-7c77af28ab5b} | 7 | 19985273102270464 | Intel(R) Dual Band Wireless-AC 8260 | 3 | 674
10400,2025-04-08 11:27:43.598700,Microsoft-Windows-NDIS,Unknown,{4d54cdbc-8abc-485c-9b10-7c77af28ab5b} | 7 | 19985273102270464 | Intel(R) Dual Band Wireless-AC 8260 | 3 | 675
10400,2025-04-08 11:28:04.334684,Microsoft-Windows-NDIS,Unknown,{4d54cdbc-8abc-485c-9b10-7c77af28ab5b} | 7 | 19985273102270464 | Intel(R) Dual Band Wireless-AC 8260 | 3 | 676
10400,2025-04-08 11:28:21.349779,Microsoft-Windows-NDIS,Unknown,{4d54cdbc-8abc-485c-9b10-7c77af28ab5b} | 7 | 19985273102270464 | Intel(R) Dual Band Wireless-AC 8260 | 3 | 677
10400,2025-04-08 11:28:27.813334,Microsoft-Windows-NDIS,Unknown,{4d54cdbc-8abc-485c-9b10-7c77af28ab5b} | 7 | 19985273102270464 | Intel(R) Dual Band Wireless-AC 8260 | 3 | 678
10400,2025-04-08 11:28:28.772858,Microsoft-Windows-NDIS,Unknown,{4d54cdbc-8abc-485c-9b10-7c77af28ab5b} | 7 | 19985273102270464 | Intel(R) Dual Band Wireless-AC 8260 | 3 | 679
10400,2025-04-08 11:28:30.364737,Microsoft-Windows-NDIS,Unknown,{4d54cdbc-8abc-485c-9b10-7c77af28ab5b} | 7 | 19985273102270464 | Intel(R) Dual Band Wireless-AC 8260 | 3 | 680
10400,2025-04-08 11:28:31.404114,Microsoft-Windows-NDIS,Unknown,{4d54cdbc-8abc-485c-9b10-7c77af28ab5b} | 7 | 19985273102270464 | Intel(R) Dual Band Wireless-AC 8260 | 3 | 681
10400,2025-04-08 11:29:18.518835,Microsoft-Windows-NDIS,Unknown,{4d54cdbc-8abc-485c-9b10-7c77af28ab5b} | 7 | 19985273102270464 | Intel(R) Dual Band Wireless-AC 8260 | 3 | 682
10400,2025-04-08 11:29:19.724806,Microsoft-Windows-NDIS,Unknown,{4d54cdbc-8abc-485c-9b10-7c77af28ab5b} | 7 | 19985273102270464 | Intel(R) Dual Band Wireless-AC 8260 | 3 | 683
10400,2025-04-08 11:29:20.963709,Microsoft-Windows-NDIS,Unknown,{4d54cdbc-8abc-485c-9b10-7c77af28ab5b} | 7 | 19985273102270464 | Intel(R) Dual Band Wireless-AC 8260 | 3 | 684
10400,2025-04-08 11:29:28.882877,Microsoft-Windows-NDIS,Unknown,{4d54cdbc-8abc-485c-9b10-7c77af28ab5b} | 7 | 19985273102270464 | Intel(R) Dual Band Wireless-AC 8260 | 3 | 685
10400,2025-04-08 11:29:51.404285,Microsoft-Windows-NDIS,Unknown,{4d54cdbc-8abc-485c-9b10-7c77af28ab5b} | 7 | 19985273102270464 | Intel(R) Dual Band Wireless-AC 8260 | 3 | 686
10400,2025-04-08 11:30:13.823181,Microsoft-Windows-NDIS,Unknown,{4d54cdbc-8abc-485c-9b10-7c77af28ab5b} | 7 | 19985273102270464 | Intel(R) Dual Band Wireless-AC 8260 | 3 | 687
10400,2025-04-08 11:30:56.700785,Microsoft-Windows-NDIS,Unknown,{4d54cdbc-8abc-485c-9b10-7c77af28ab5b} | 7 | 19985273102270464 | Intel(R) Dual Band Wireless-AC 8260 | 3 | 688
10400,2025-04-08 11:32:14.664248,Microsoft-Windows-NDIS,Unknown,{4d54cdbc-8abc-485c-9b10-7c77af28ab5b} | 7 | 19985273102270464 | Intel(R) Dual Band Wireless-AC 8260 | 3 | 689
10400,2025-04-08 11:32:26.884771,Microsoft-Windows-NDIS,Unknown,{4d54cdbc-8abc-485c-9b10-7c77af28ab5b} | 7 | 19985273102270464 | Intel(R) Dual Band Wireless-AC 8260 | 3 | 690
10400,2025-04-08 11:33:04.590050,Microsoft-Windows-NDIS,Unknown,{4d54cdbc-8abc-485c-9b10-7c77af28ab5b} | 7 | 19985273102270464 | Intel(R) Dual Band Wireless-AC 8260 | 3 | 691
10400,2025-04-08 11:33:26.600475,Microsoft-Windows-NDIS,Unknown,{4d54cdbc-8abc-485c-9b10-7c77af28ab5b} | 7 | 19985273102270464 | Intel(R) Dual Band Wireless-AC 8260 | 3 | 692
10400,2025-04-08 11:33:29.227940,Microsoft-Windows-NDIS,Unknown,{4d54cdbc-8abc-485c-9b10-7c77af28ab5b} | 7 | 19985273102270464 | Intel(R) Dual Band Wireless-AC 8260 | 3 | 693
10400,2025-04-08 11:33:51.246971,Microsoft-Windows-NDIS,Unknown,{4d54cdbc-8abc-485c-9b10-7c77af28ab5b} | 7 | 19985273102270464 | Intel(R) Dual Band Wireless-AC 8260 | 3 | 694
10400,2025-04-08 11:33:54.046984,Microsoft-Windows-NDIS,Unknown,{4d54cdbc-8abc-485c-9b10-7c77af28ab5b} | 7 | 19985273102270464 | Intel(R) Dual Band Wireless-AC 8260 | 3 | 695
10400,2025-04-08 11:33:55.932302,Microsoft-Windows-NDIS,Unknown,{4d54cdbc-8abc-485c-9b10-7c77af28ab5b} | 7 | 19985273102270464 | Intel(R) Dual Band Wireless-AC 8260 | 3 | 696
10400,2025-04-08 11:33:57.553587,Microsoft-Windows-NDIS,Unknown,{4d54cdbc-8abc-485c-9b10-7c77af28ab5b} | 7 | 19985273102270464 | Intel(R) Dual Band Wireless-AC 8260 | 3 | 697
10400,2025-04-08 11:34:43.080719,Microsoft-Windows-NDIS,Unknown,{4d54cdbc-8abc-485c-9b10-7c77af28ab5b} | 7 | 19985273102270464 | Intel(R) Dual Band Wireless-AC 8260 | 3 | 698
10400,2025-04-08 11:35:08.106247,Microsoft-Windows-NDIS,Unknown,{4d54cdbc-8abc-485c-9b10-7c77af28ab5b} | 7 | 19985273102270464 | Intel(R) Dual Band Wireless-AC 8260 | 3 | 699
10400,2025-04-08 11:35:12.116728,Microsoft-Windows-NDIS,Unknown,{4d54cdbc-8abc-485c-9b10-7c77af28ab5b} | 7 | 19985273102270464 | Intel(R) Dual Band Wireless-AC 8260 | 3 | 700
10400,2025-04-08 11:35:16.574381,Microsoft-Windows-NDIS,Unknown,{4d54cdbc-8abc-485c-9b10-7c77af28ab5b} | 7 | 19985273102270464 | Intel(R) Dual Band Wireless-AC 8260 | 3 | 701
10400,2025-04-08 11:35:27.195160,Microsoft-Windows-NDIS,Unknown,{4d54cdbc-8abc-485c-9b10-7c77af28ab5b} | 7 | 19985273102270464 | Intel(R) Dual Band Wireless-AC 8260 | 3 | 702
10400,2025-04-08 11:35:47.064095,Microsoft-Windows-NDIS,Unknown,{4d54cdbc-8abc-485c-9b10-7c77af28ab5b} | 7 | 19985273102270464 | Intel(R) Dual Band Wireless-AC 8260 | 3 | 703
10400,2025-04-08 11:35:51.676464,Microsoft-Windows-NDIS,Unknown,{4d54cdbc-8abc-485c-9b10-7c77af28ab5b} | 7 | 19985273102270464 | Intel(R) Dual Band Wireless-AC 8260 | 3 | 704
10400,2025-04-08 11:36:01.075123,Microsoft-Windows-NDIS,Unknown,{4d54cdbc-8abc-485c-9b10-7c77af28ab5b} | 7 | 19985273102270464 | Intel(R) Dual Band Wireless-AC 8260 | 3 | 705
10400,2025-04-08 11:36:33.372498,Microsoft-Windows-NDIS,Unknown,{4d54cdbc-8abc-485c-9b10-7c77af28ab5b} | 7 | 19985273102270464 | Intel(R) Dual Band Wireless-AC 8260 | 3 | 706
10400,2025-04-08 11:36:56.625246,Microsoft-Windows-NDIS,Unknown,{4d54cdbc-8abc-485c-9b10-7c77af28ab5b} | 7 | 19985273102270464 | Intel(R) Dual Band Wireless-AC 8260 | 3 | 707
10400,2025-04-08 11:37:07.389339,Microsoft-Windows-NDIS,Unknown,{4d54cdbc-8abc-485c-9b10-7c77af28ab5b} | 7 | 19985273102270464 | Intel(R) Dual Band Wireless-AC 8260 | 3 | 708
10400,2025-04-08 11:37:08.598146,Microsoft-Windows-NDIS,Unknown,{4d54cdbc-8abc-485c-9b10-7c77af28ab5b} | 7 | 19985273102270464 | Intel(R) Dual Band Wireless-AC 8260 | 3 | 709
10400,2025-04-08 11:37:17.126293,Microsoft-Windows-NDIS,Unknown,{4d54cdbc-8abc-485c-9b10-7c77af28ab5b} | 7 | 19985273102270464 | Intel(R) Dual Band Wireless-AC 8260 | 3 | 710
10400,2025-04-08 11:38:02.042332,Microsoft-Windows-NDIS,Unknown,{4d54cdbc-8abc-485c-9b10-7c77af28ab5b} | 7 | 19985273102270464 | Intel(R) Dual Band Wireless-AC 8260 | 3 | 711
10400,2025-04-08 11:38:52.406128,Microsoft-Windows-NDIS,Unknown,{4d54cdbc-8abc-485c-9b10-7c77af28ab5b} | 7 | 19985273102270464 | Intel(R) Dual Band Wireless-AC 8260 | 3 | 712
10400,2025-04-08 11:38:53.754713,Microsoft-Windows-NDIS,Unknown,{4d54cdbc-8abc-485c-9b10-7c77af28ab5b} | 7 | 19985273102270464 | Intel(R) Dual Band Wireless-AC 8260 | 3 | 713
10400,2025-04-08 11:38:55.409763,Microsoft-Windows-NDIS,Unknown,{4d54cdbc-8abc-485c-9b10-7c77af28ab5b} | 7 | 19985273102270464 | Intel(R) Dual Band Wireless-AC 8260 | 3 | 714
10400,2025-04-08 11:39:12.404282,Microsoft-Windows-NDIS,Unknown,{4d54cdbc-8abc-485c-9b10-7c77af28ab5b} | 7 | 19985273102270464 | Intel(R) Dual Band Wireless-AC 8260 | 3 | 715
10400,2025-04-08 11:39:41.685627,Microsoft-Windows-NDIS,Unknown,{4d54cdbc-8abc-485c-9b10-7c77af28ab5b} | 7 | 19985273102270464 | Intel(R) Dual Band Wireless-AC 8260 | 3 | 716
10400,2025-04-08 11:39:55.637012,Microsoft-Windows-NDIS,Unknown,{4d54cdbc-8abc-485c-9b10-7c77af28ab5b} | 7 | 19985273102270464 | Intel(R) Dual Band Wireless-AC 8260 | 3 | 717
10400,2025-04-08 11:40:49.171848,Microsoft-Windows-NDIS,Unknown,{4d54cdbc-8abc-485c-9b10-7c77af28ab5b} | 7 | 19985273102270464 | Intel(R) Dual Band Wireless-AC 8260 | 3 | 718
10400,2025-04-08 11:40:50.840286,Microsoft-Windows-NDIS,Unknown,{4d54cdbc-8abc-485c-9b10-7c77af28ab5b} | 7 | 19985273102270464 | Intel(R) Dual Band Wireless-AC 8260 | 3 | 719
10400,2025-04-08 11:40:52.207960,Microsoft-Windows-NDIS,Unknown,{4d54cdbc-8abc-485c-9b10-7c77af28ab5b} | 7 | 19985273102270464 | Intel(R) Dual Band Wireless-AC 8260 | 3 | 720
10400,2025-04-08 11:40:54.051565,Microsoft-Windows-NDIS,Unknown,{4d54cdbc-8abc-485c-9b10-7c77af28ab5b} | 7 | 19985273102270464 | Intel(R) Dual Band Wireless-AC 8260 | 3 | 721
10400,2025-04-08 11:40:57.863663,Microsoft-Windows-NDIS,Unknown,{4d54cdbc-8abc-485c-9b10-7c77af28ab5b} | 7 | 19985273102270464 | Intel(R) Dual Band Wireless-AC 8260 | 3 | 722
10400,2025-04-08 11:41:38.556862,Microsoft-Windows-NDIS,Unknown,{4d54cdbc-8abc-485c-9b10-7c77af28ab5b} | 7 | 19985273102270464 | Intel(R) Dual Band Wireless-AC 8260 | 3 | 723
10400,2025-04-08 11:43:06.670244,Microsoft-Windows-NDIS,Unknown,{4d54cdbc-8abc-485c-9b10-7c77af28ab5b} | 7 | 19985273102270464 | Intel(R) Dual Band Wireless-AC 8260 | 3 | 724
10400,2025-04-08 11:44:38.880259,Microsoft-Windows-NDIS,Unknown,{4d54cdbc-8abc-485c-9b10-7c77af28ab5b} | 7 | 19985273102270464 | Intel(R) Dual Band Wireless-AC 8260 | 3 | 725
10400,2025-04-08 11:46:07.890236,Microsoft-Windows-NDIS,Unknown,{4d54cdbc-8abc-485c-9b10-7c77af28ab5b} | 7 | 19985273102270464 | Intel(R) Dual Band Wireless-AC 8260 | 3 | 726
10400,2025-04-08 11:46:42.663568,Microsoft-Windows-NDIS,Unknown,{4d54cdbc-8abc-485c-9b10-7c77af28ab5b} | 7 | 19985273102270464 | Intel(R) Dual Band Wireless-AC 8260 | 3 | 727
10400,2025-04-08 11:47:13.645233,Microsoft-Windows-NDIS,Unknown,{4d54cdbc-8abc-485c-9b10-7c77af28ab5b} | 7 | 19985273102270464 | Intel(R) Dual Band Wireless-AC 8260 | 3 | 728
10400,2025-04-11 17:30:43.938396,Microsoft-Windows-NDIS,Unknown,{4d54cdbc-8abc-485c-9b10-7c77af28ab5b} | 7 | 19985273102270464 | Intel(R) Dual Band Wireless-AC 8260 | 3 | 1
10400,2025-04-11 17:30:44.499836,Microsoft-Windows-NDIS,Unknown,{4d54cdbc-8abc-485c-9b10-7c77af28ab5b} | 7 | 19985273102270464 | Intel(R) Dual Band Wireless-AC 8260 | 3 | 2
10400,2025-04-11 17:30:45.535141,Microsoft-Windows-NDIS,Unknown,{4d54cdbc-8abc-485c-9b10-7c77af28ab5b} | 7 | 19985273102270464 | Intel(R) Dual Band Wireless-AC 8260 | 3 | 3
10400,2025-04-11 17:30:46.000412,Microsoft-Windows-NDIS,Unknown,{4d54cdbc-8abc-485c-9b10-7c77af28ab5b} | 7 | 19985273102270464 | Intel(R) Dual Band Wireless-AC 8260 | 3 | 4
10400,2025-04-11 17:30:46.783073,Microsoft-Windows-NDIS,Unknown,{4d54cdbc-8abc-485c-9b10-7c77af28ab5b} | 7 | 19985273102270464 | Intel(R) Dual Band Wireless-AC 8260 | 3 | 5
10400,2025-04-11 17:30:47.543180,Microsoft-Windows-NDIS,Unknown,{4d54cdbc-8abc-485c-9b10-7c77af28ab5b} | 7 | 19985273102270464 | Intel(R) Dual Band Wireless-AC 8260 | 3 | 6
10400,2025-04-11 17:30:48.167700,Microsoft-Windows-NDIS,Unknown,{4d54cdbc-8abc-485c-9b10-7c77af28ab5b} | 7 | 19985273102270464 | Intel(R) Dual Band Wireless-AC 8260 | 3 | 7
10400,2025-04-11 17:30:49.010828,Microsoft-Windows-NDIS,Unknown,{4d54cdbc-8abc-485c-9b10-7c77af28ab5b} | 7 | 19985273102270464 | Intel(R) Dual Band Wireless-AC 8260 | 3 | 8
10400,2025-04-11 17:30:50.939373,Microsoft-Windows-NDIS,Unknown,{4d54cdbc-8abc-485c-9b10-7c77af28ab5b} | 7 | 19985273102270464 | Intel(R) Dual Band Wireless-AC 8260 | 3 | 9
10400,2025-04-11 17:30:53.124014,Microsoft-Windows-NDIS,Unknown,{4d54cdbc-8abc-485c-9b10-7c77af28ab5b} | 7 | 19985273102270464 | Intel(R) Dual Band Wireless-AC 8260 | 3 | 10
10400,2025-04-11 17:30:53.565863,Microsoft-Windows-NDIS,Unknown,{4d54cdbc-8abc-485c-9b10-7c77af28ab5b} | 7 | 19985273102270464 | Intel(R) Dual Band Wireless-AC 8260 | 3 | 11
10400,2025-04-11 17:30:54.702795,Microsoft-Windows-NDIS,Unknown,{4d54cdbc-8abc-485c-9b10-7c77af28ab5b} | 7 | 19985273102270464 | Intel(R) Dual Band Wireless-AC 8260 | 3 | 12
10400,2025-04-11 17:30:56.424221,Microsoft-Windows-NDIS,Unknown,{4d54cdbc-8abc-485c-9b10-7c77af28ab5b} | 7 | 19985273102270464 | Intel(R) Dual Band Wireless-AC 8260 | 3 | 13
10400,2025-04-24 05:40:00.581450,Microsoft-Windows-NDIS,Unknown,{4d54cdbc-8abc-485c-9b10-7c77af28ab5b} | 7 | 19985273102270464 | Intel(R) Dual Band Wireless-AC 8260 | 3 | 1
10400,2025-04-24 05:40:01.786985,Microsoft-Windows-NDIS,Unknown,{4d54cdbc-8abc-485c-9b10-7c77af28ab5b} | 7 | 19985273102270464 | Intel(R) Dual Band Wireless-AC 8260 | 3 | 2
10400,2025-04-24 05:40:02.792252,Microsoft-Windows-NDIS,Unknown,{4d54cdbc-8abc-485c-9b10-7c77af28ab5b} | 7 | 19985273102270464 | Intel(R) Dual Band Wireless-AC 8260 | 3 | 3
10400,2025-04-24 05:40:23.664907,Microsoft-Windows-NDIS,Unknown,{4d54cdbc-8abc-485c-9b10-7c77af28ab5b} | 7 | 19985273102270464 | Intel(R) Dual Band Wireless-AC 8260 | 3 | 4
10400,2025-04-24 05:41:02.112003,Microsoft-Windows-NDIS,Unknown,{4d54cdbc-8abc-485c-9b10-7c77af28ab5b} | 7 | 19985273102270464 | Intel(R) Dual Band Wireless-AC 8260 | 3 | 5
10400,2025-04-24 05:41:27.743950,Microsoft-Windows-NDIS,Unknown,{4d54cdbc-8abc-485c-9b10-7c77af28ab5b} | 7 | 19985273102270464 | Intel(R) Dual Band Wireless-AC 8260 | 3 | 6
10400,2025-04-24 05:41:28.784060,Microsoft-Windows-NDIS,Unknown,{4d54cdbc-8abc-485c-9b10-7c77af28ab5b} | 7 | 19985273102270464 | Intel(R) Dual Band Wireless-AC 8260 | 3 | 7
10400,2025-04-24 05:41:31.381863,Microsoft-Windows-NDIS,Unknown,{4d54cdbc-8abc-485c-9b10-7c77af28ab5b} | 7 | 19985273102270464 | Intel(R) Dual Band Wireless-AC 8260 | 3 | 8
10400,2025-04-24 05:41:32.488510,Microsoft-Windows-NDIS,Unknown,{4d54cdbc-8abc-485c-9b10-7c77af28ab5b} | 7 | 19985273102270464 | Intel(R) Dual Band Wireless-AC 8260 | 3 | 9
10400,2025-04-24 05:41:33.375238,Microsoft-Windows-NDIS,Unknown,{4d54cdbc-8abc-485c-9b10-7c77af28ab5b} | 7 | 19985273102270464 | Intel(R) Dual Band Wireless-AC 8260 | 3 | 10
10400,2025-04-24 05:41:34.383049,Microsoft-Windows-NDIS,Unknown,{4d54cdbc-8abc-485c-9b10-7c77af28ab5b} | 7 | 19985273102270464 | Intel(R) Dual Band Wireless-AC 8260 | 3 | 11
10400,2025-04-24 05:41:35.297319,Microsoft-Windows-NDIS,Unknown,{4d54cdbc-8abc-485c-9b10-7c77af28ab5b} | 7 | 19985273102270464 | Intel(R) Dual Band Wireless-AC 8260 | 3 | 12
10400,2025-04-24 05:41:36.188063,Microsoft-Windows-NDIS,Unknown,{4d54cdbc-8abc-485c-9b10-7c77af28ab5b} | 7 | 19985273102270464 | Intel(R) Dual Band Wireless-AC 8260 | 3 | 13
10400,2025-04-24 05:41:37.152800,Microsoft-Windows-NDIS,Unknown,{4d54cdbc-8abc-485c-9b10-7c77af28ab5b} | 7 | 19985273102270464 | Intel(R) Dual Band Wireless-AC 8260 | 3 | 14
10400,2025-04-24 05:41:38.054722,Microsoft-Windows-NDIS,Unknown,{4d54cdbc-8abc-485c-9b10-7c77af28ab5b} | 7 | 19985273102270464 | Intel(R) Dual Band Wireless-AC 8260 | 3 | 15
10400,2025-04-24 05:41:47.857473,Microsoft-Windows-NDIS,Unknown,{4d54cdbc-8abc-485c-9b10-7c77af28ab5b} | 7 | 19985273102270464 | Intel(R) Dual Band Wireless-AC 8260 | 3 | 16
10400,2025-04-24 05:41:52.162947,Microsoft-Windows-NDIS,Unknown,{4d54cdbc-8abc-485c-9b10-7c77af28ab5b} | 7 | 19985273102270464 | Intel(R) Dual Band Wireless-AC 8260 | 3 | 17
10400,2025-04-24 05:41:53.165956,Microsoft-Windows-NDIS,Unknown,{4d54cdbc-8abc-485c-9b10-7c77af28ab5b} | 7 | 19985273102270464 | Intel(R) Dual Band Wireless-AC 8260 | 3 | 18
10400,2025-04-24 05:41:54.074783,Microsoft-Windows-NDIS,Unknown,{4d54cdbc-8abc-485c-9b10-7c77af28ab5b} | 7 | 19985273102270464 | Intel(R) Dual Band Wireless-AC 8260 | 3 | 19
10400,2025-04-24 05:41:54.948179,Microsoft-Windows-NDIS,Unknown,{4d54cdbc-8abc-485c-9b10-7c77af28ab5b} | 7 | 19985273102270464 | Intel(R) Dual Band Wireless-AC 8260 | 3 | 20
10400,2025-04-24 05:41:56.027925,Microsoft-Windows-NDIS,Unknown,{4d54cdbc-8abc-485c-9b10-7c77af28ab5b} | 7 | 19985273102270464 | Intel(R) Dual Band Wireless-AC 8260 | 3 | 21
10400,2025-04-24 05:41:57.131853,Microsoft-Windows-NDIS,Unknown,{4d54cdbc-8abc-485c-9b10-7c77af28ab5b} | 7 | 19985273102270464 | Intel(R) Dual Band Wireless-AC 8260 | 3 | 22
10400,2025-04-24 05:41:57.981329,Microsoft-Windows-NDIS,Unknown,{4d54cdbc-8abc-485c-9b10-7c77af28ab5b} | 7 | 19985273102270464 | Intel(R) Dual Band Wireless-AC 8260 | 3 | 23
10400,2025-04-24 05:41:58.960381,Microsoft-Windows-NDIS,Unknown,{4d54cdbc-8abc-485c-9b10-7c77af28ab5b} | 7 | 19985273102270464 | Intel(R) Dual Band Wireless-AC 8260 | 3 | 24
10400,2025-04-24 05:42:35.661016,Microsoft-Windows-NDIS,Unknown,{4d54cdbc-8abc-485c-9b10-7c77af28ab5b} | 7 | 19985273102270464 | Intel(R) Dual Band Wireless-AC 8260 | 3 | 25
10400,2025-04-24 05:42:36.563652,Microsoft-Windows-NDIS,Unknown,{4d54cdbc-8abc-485c-9b10-7c77af28ab5b} | 7 | 19985273102270464 | Intel(R) Dual Band Wireless-AC 8260 | 3 | 26
10400,2025-04-24 05:42:37.550968,Microsoft-Windows-NDIS,Unknown,{4d54cdbc-8abc-485c-9b10-7c77af28ab5b} | 7 | 19985273102270464 | Intel(R) Dual Band Wireless-AC 8260 | 3 | 27
10400,2025-04-24 05:42:38.410223,Microsoft-Windows-NDIS,Unknown,{4d54cdbc-8abc-485c-9b10-7c77af28ab5b} | 7 | 19985273102270464 | Intel(R) Dual Band Wireless-AC 8260 | 3 | 28
10400,2025-04-24 05:42:39.304379,Microsoft-Windows-NDIS,Unknown,{4d54cdbc-8abc-485c-9b10-7c77af28ab5b} | 7 | 19985273102270464 | Intel(R) Dual Band Wireless-AC 8260 | 3 | 29
10400,2025-04-24 05:42:40.164322,Microsoft-Windows-NDIS,Unknown,{4d54cdbc-8abc-485c-9b10-7c77af28ab5b} | 7 | 19985273102270464 | Intel(R) Dual Band Wireless-AC 8260 | 3 | 30
10400,2025-04-24 05:42:41.127108,Microsoft-Windows-NDIS,Unknown,{4d54cdbc-8abc-485c-9b10-7c77af28ab5b} | 7 | 19985273102270464 | Intel(R) Dual Band Wireless-AC 8260 | 3 | 31
10400,2025-04-24 05:42:42.101458,Microsoft-Windows-NDIS,Unknown,{4d54cdbc-8abc-485c-9b10-7c77af28ab5b} | 7 | 19985273102270464 | Intel(R) Dual Band Wireless-AC 8260 | 3 | 32
10400,2025-04-24 05:43:00.771574,Microsoft-Windows-NDIS,Unknown,{4d54cdbc-8abc-485c-9b10-7c77af28ab5b} | 7 | 19985273102270464 | Intel(R) Dual Band Wireless-AC 8260 | 3 | 33
10400,2025-04-24 05:43:01.675968,Microsoft-Windows-NDIS,Unknown,{4d54cdbc-8abc-485c-9b10-7c77af28ab5b} | 7 | 19985273102270464 | Intel(R) Dual Band Wireless-AC 8260 | 3 | 34
10400,2025-04-24 05:43:02.640623,Microsoft-Windows-NDIS,Unknown,{4d54cdbc-8abc-485c-9b10-7c77af28ab5b} | 7 | 19985273102270464 | Intel(R) Dual Band Wireless-AC 8260 | 3 | 35
10400,2025-04-24 05:43:03.473034,Microsoft-Windows-NDIS,Unknown,{4d54cdbc-8abc-485c-9b10-7c77af28ab5b} | 7 | 19985273102270464 | Intel(R) Dual Band Wireless-AC 8260 | 3 | 36
10400,2025-04-24 05:43:41.880796,Microsoft-Windows-NDIS,Unknown,{4d54cdbc-8abc-485c-9b10-7c77af28ab5b} | 7 | 19985273102270464 | Intel(R) Dual Band Wireless-AC 8260 | 3 | 37
10400,2025-04-24 05:43:47.648285,Microsoft-Windows-NDIS,Unknown,{4d54cdbc-8abc-485c-9b10-7c77af28ab5b} | 7 | 19985273102270464 | Intel(R) Dual Band Wireless-AC 8260 | 3 | 38
10400,2025-04-24 05:43:48.432320,Microsoft-Windows-NDIS,Unknown,{4d54cdbc-8abc-485c-9b10-7c77af28ab5b} | 7 | 19985273102270464 | Intel(R) Dual Band Wireless-AC 8260 | 3 | 39
10400,2025-04-24 05:43:49.429039,Microsoft-Windows-NDIS,Unknown,{4d54cdbc-8abc-485c-9b10-7c77af28ab5b} | 7 | 19985273102270464 | Intel(R) Dual Band Wireless-AC 8260 | 3 | 40
10400,2025-04-24 05:43:50.263742,Microsoft-Windows-NDIS,Unknown,{4d54cdbc-8abc-485c-9b10-7c77af28ab5b} | 7 | 19985273102270464 | Intel(R) Dual Band Wireless-AC 8260 | 3 | 41
10400,2025-04-24 05:43:51.272997,Microsoft-Windows-NDIS,Unknown,{4d54cdbc-8abc-485c-9b10-7c77af28ab5b} | 7 | 19985273102270464 | Intel(R) Dual Band Wireless-AC 8260 | 3 | 42
10400,2025-04-24 05:43:52.318247,Microsoft-Windows-NDIS,Unknown,{4d54cdbc-8abc-485c-9b10-7c77af28ab5b} | 7 | 19985273102270464 | Intel(R) Dual Band Wireless-AC 8260 | 3 | 43
10400,2025-04-24 05:43:53.231840,Microsoft-Windows-NDIS,Unknown,{4d54cdbc-8abc-485c-9b10-7c77af28ab5b} | 7 | 19985273102270464 | Intel(R) Dual Band Wireless-AC 8260 | 3 | 44
10400,2025-04-24 05:43:54.208443,Microsoft-Windows-NDIS,Unknown,{4d54cdbc-8abc-485c-9b10-7c77af28ab5b} | 7 | 19985273102270464 | Intel(R) Dual Band Wireless-AC 8260 | 3 | 45
10400,2025-04-24 05:43:55.112099,Microsoft-Windows-NDIS,Unknown,{4d54cdbc-8abc-485c-9b10-7c77af28ab5b} | 7 | 19985273102270464 | Intel(R) Dual Band Wireless-AC 8260 | 3 | 46
10400,2025-04-24 05:43:55.958458,Microsoft-Windows-NDIS,Unknown,{4d54cdbc-8abc-485c-9b10-7c77af28ab5b} | 7 | 19985273102270464 | Intel(R) Dual Band Wireless-AC 8260 | 3 | 47
10400,2025-04-24 05:44:12.585522,Microsoft-Windows-NDIS,Unknown,{4d54cdbc-8abc-485c-9b10-7c77af28ab5b} | 7 | 19985273102270464 | Intel(R) Dual Band Wireless-AC 8260 | 3 | 48
10400,2025-04-24 05:44:13.502678,Microsoft-Windows-NDIS,Unknown,{4d54cdbc-8abc-485c-9b10-7c77af28ab5b} | 7 | 19985273102270464 | Intel(R) Dual Band Wireless-AC 8260 | 3 | 49
10400,2025-04-24 05:44:14.413797,Microsoft-Windows-NDIS,Unknown,{4d54cdbc-8abc-485c-9b10-7c77af28ab5b} | 7 | 19985273102270464 | Intel(R) Dual Band Wireless-AC 8260 | 3 | 50
10400,2025-04-24 05:44:15.303276,Microsoft-Windows-NDIS,Unknown,{4d54cdbc-8abc-485c-9b10-7c77af28ab5b} | 7 | 19985273102270464 | Intel(R) Dual Band Wireless-AC 8260 | 3 | 51
10400,2025-04-24 05:44:56.738455,Microsoft-Windows-NDIS,Unknown,{4d54cdbc-8abc-485c-9b10-7c77af28ab5b} | 7 | 19985273102270464 | Intel(R) Dual Band Wireless-AC 8260 | 3 | 52
10400,2025-04-24 05:44:59.506071,Microsoft-Windows-NDIS,Unknown,{4d54cdbc-8abc-485c-9b10-7c77af28ab5b} | 7 | 19985273102270464 | Intel(R) Dual Band Wireless-AC 8260 | 3 | 53
10400,2025-04-24 05:45:00.429131,Microsoft-Windows-NDIS,Unknown,{4d54cdbc-8abc-485c-9b10-7c77af28ab5b} | 7 | 19985273102270464 | Intel(R) Dual Band Wireless-AC 8260 | 3 | 54
10400,2025-04-24 05:45:23.607857,Microsoft-Windows-NDIS,Unknown,{4d54cdbc-8abc-485c-9b10-7c77af28ab5b} | 7 | 19985273102270464 | Intel(R) Dual Band Wireless-AC 8260 | 3 | 55
10400,2025-04-24 05:45:24.413210,Microsoft-Windows-NDIS,Unknown,{4d54cdbc-8abc-485c-9b10-7c77af28ab5b} | 7 | 19985273102270464 | Intel(R) Dual Band Wireless-AC 8260 | 3 | 56
10400,2025-04-24 05:45:25.277630,Microsoft-Windows-NDIS,Unknown,{4d54cdbc-8abc-485c-9b10-7c77af28ab5b} | 7 | 19985273102270464 | Intel(R) Dual Band Wireless-AC 8260 | 3 | 57
10400,2025-04-24 05:45:26.143621,Microsoft-Windows-NDIS,Unknown,{4d54cdbc-8abc-485c-9b10-7c77af28ab5b} | 7 | 19985273102270464 | Intel(R) Dual Band Wireless-AC 8260 | 3 | 58
10400,2025-04-24 05:45:27.024113,Microsoft-Windows-NDIS,Unknown,{4d54cdbc-8abc-485c-9b10-7c77af28ab5b} | 7 | 19985273102270464 | Intel(R) Dual Band Wireless-AC 8260 | 3 | 59
10400,2025-04-24 05:50:36.691364,Microsoft-Windows-NDIS,Unknown,{4d54cdbc-8abc-485c-9b10-7c77af28ab5b} | 7 | 19985273102270464 | Intel(R) Dual Band Wireless-AC 8260 | 3 | 60
10400,2025-04-24 05:50:37.797546,Microsoft-Windows-NDIS,Unknown,{4d54cdbc-8abc-485c-9b10-7c77af28ab5b} | 7 | 19985273102270464 | Intel(R) Dual Band Wireless-AC 8260 | 3 | 61
10400,2025-04-24 05:59:01.375349,Microsoft-Windows-NDIS,Unknown,{4d54cdbc-8abc-485c-9b10-7c77af28ab5b} | 7 | 19985273102270464 | Intel(R) Dual Band Wireless-AC 8260 | 3 | 62
10400,2025-04-24 05:59:02.356581,Microsoft-Windows-NDIS,Unknown,{4d54cdbc-8abc-485c-9b10-7c77af28ab5b} | 7 | 19985273102270464 | Intel(R) Dual Band Wireless-AC 8260 | 3 | 63
10400,2025-04-24 05:59:03.318863,Microsoft-Windows-NDIS,Unknown,{4d54cdbc-8abc-485c-9b10-7c77af28ab5b} | 7 | 19985273102270464 | Intel(R) Dual Band Wireless-AC 8260 | 3 | 64
10400,2025-04-24 05:59:28.500313,Microsoft-Windows-NDIS,Unknown,{4d54cdbc-8abc-485c-9b10-7c77af28ab5b} | 7 | 19985273102270464 | Intel(R) Dual Band Wireless-AC 8260 | 3 | 65
10400,2025-04-24 05:59:29.461815,Microsoft-Windows-NDIS,Unknown,{4d54cdbc-8abc-485c-9b10-7c77af28ab5b} | 7 | 19985273102270464 | Intel(R) Dual Band Wireless-AC 8260 | 3 | 66
10400,2025-04-24 05:59:30.432352,Microsoft-Windows-NDIS,Unknown,{4d54cdbc-8abc-485c-9b10-7c77af28ab5b} | 7 | 19985273102270464 | Intel(R) Dual Band Wireless-AC 8260 | 3 | 67
10400,2025-04-24 05:59:31.352949,Microsoft-Windows-NDIS,Unknown,{4d54cdbc-8abc-485c-9b10-7c77af28ab5b} | 7 | 19985273102270464 | Intel(R) Dual Band Wireless-AC 8260 | 3 | 68
10400,2025-04-24 05:59:49.170969,Microsoft-Windows-NDIS,Unknown,{4d54cdbc-8abc-485c-9b10-7c77af28ab5b} | 7 | 19985273102270464 | Intel(R) Dual Band Wireless-AC 8260 | 3 | 69
10400,2025-04-24 05:59:50.382847,Microsoft-Windows-NDIS,Unknown,{4d54cdbc-8abc-485c-9b10-7c77af28ab5b} | 7 | 19985273102270464 | Intel(R) Dual Band Wireless-AC 8260 | 3 | 70
10400,2025-04-24 05:59:51.428684,Microsoft-Windows-NDIS,Unknown,{4d54cdbc-8abc-485c-9b10-7c77af28ab5b} | 7 | 19985273102270464 | Intel(R) Dual Band Wireless-AC 8260 | 3 | 71
10400,2025-04-24 06:00:10.585876,Microsoft-Windows-NDIS,Unknown,{4d54cdbc-8abc-485c-9b10-7c77af28ab5b} | 7 | 19985273102270464 | Intel(R) Dual Band Wireless-AC 8260 | 3 | 72
10400,2025-04-24 06:00:11.893999,Microsoft-Windows-NDIS,Unknown,{4d54cdbc-8abc-485c-9b10-7c77af28ab5b} | 7 | 19985273102270464 | Intel(R) Dual Band Wireless-AC 8260 | 3 | 73
10400,2025-04-24 06:00:13.098036,Microsoft-Windows-NDIS,Unknown,{4d54cdbc-8abc-485c-9b10-7c77af28ab5b} | 7 | 19985273102270464 | Intel(R) Dual Band Wireless-AC 8260 | 3 | 74
10400,2025-04-24 06:00:14.022621,Microsoft-Windows-NDIS,Unknown,{4d54cdbc-8abc-485c-9b10-7c77af28ab5b} | 7 | 19985273102270464 | Intel(R) Dual Band Wireless-AC 8260 | 3 | 75
10400,2025-04-24 06:00:15.235720,Microsoft-Windows-NDIS,Unknown,{4d54cdbc-8abc-485c-9b10-7c77af28ab5b} | 7 | 19985273102270464 | Intel(R) Dual Band Wireless-AC 8260 | 3 | 76
10400,2025-04-24 06:00:51.859066,Microsoft-Windows-NDIS,Unknown,{4d54cdbc-8abc-485c-9b10-7c77af28ab5b} | 7 | 19985273102270464 | Intel(R) Dual Band Wireless-AC 8260 | 3 | 77
10400,2025-04-24 06:00:53.129772,Microsoft-Windows-NDIS,Unknown,{4d54cdbc-8abc-485c-9b10-7c77af28ab5b} | 7 | 19985273102270464 | Intel(R) Dual Band Wireless-AC 8260 | 3 | 78
10400,2025-04-24 06:00:54.127489,Microsoft-Windows-NDIS,Unknown,{4d54cdbc-8abc-485c-9b10-7c77af28ab5b} | 7 | 19985273102270464 | Intel(R) Dual Band Wireless-AC 8260 | 3 | 79
10400,2025-04-24 06:00:55.039736,Microsoft-Windows-NDIS,Unknown,{4d54cdbc-8abc-485c-9b10-7c77af28ab5b} | 7 | 19985273102270464 | Intel(R) Dual Band Wireless-AC 8260 | 3 | 80
10400,2025-04-24 06:00:56.031239,Microsoft-Windows-NDIS,Unknown,{4d54cdbc-8abc-485c-9b10-7c77af28ab5b} | 7 | 19985273102270464 | Intel(R) Dual Band Wireless-AC 8260 | 3 | 81
10400,2025-04-24 06:00:56.891508,Microsoft-Windows-NDIS,Unknown,{4d54cdbc-8abc-485c-9b10-7c77af28ab5b} | 7 | 19985273102270464 | Intel(R) Dual Band Wireless-AC 8260 | 3 | 82
10400,2025-04-24 06:00:58.001678,Microsoft-Windows-NDIS,Unknown,{4d54cdbc-8abc-485c-9b10-7c77af28ab5b} | 7 | 19985273102270464 | Intel(R) Dual Band Wireless-AC 8260 | 3 | 83
10400,2025-04-24 06:01:14.332468,Microsoft-Windows-NDIS,Unknown,{4d54cdbc-8abc-485c-9b10-7c77af28ab5b} | 7 | 19985273102270464 | Intel(R) Dual Band Wireless-AC 8260 | 3 | 84
10400,2025-04-24 06:01:15.360882,Microsoft-Windows-NDIS,Unknown,{4d54cdbc-8abc-485c-9b10-7c77af28ab5b} | 7 | 19985273102270464 | Intel(R) Dual Band Wireless-AC 8260 | 3 | 85
10400,2025-04-24 06:01:16.314194,Microsoft-Windows-NDIS,Unknown,{4d54cdbc-8abc-485c-9b10-7c77af28ab5b} | 7 | 19985273102270464 | Intel(R) Dual Band Wireless-AC 8260 | 3 | 86
10400,2025-04-24 06:01:38.719547,Microsoft-Windows-NDIS,Unknown,{4d54cdbc-8abc-485c-9b10-7c77af28ab5b} | 7 | 19985273102270464 | Intel(R) Dual Band Wireless-AC 8260 | 3 | 87
10400,2025-04-24 06:01:39.533056,Microsoft-Windows-NDIS,Unknown,{4d54cdbc-8abc-485c-9b10-7c77af28ab5b} | 7 | 19985273102270464 | Intel(R) Dual Band Wireless-AC 8260 | 3 | 88
10400,2025-04-24 06:01:40.677689,Microsoft-Windows-NDIS,Unknown,{4d54cdbc-8abc-485c-9b10-7c77af28ab5b} | 7 | 19985273102270464 | Intel(R) Dual Band Wireless-AC 8260 | 3 | 89
10400,2025-04-24 06:02:03.987570,Microsoft-Windows-NDIS,Unknown,{4d54cdbc-8abc-485c-9b10-7c77af28ab5b} | 7 | 19985273102270464 | Intel(R) Dual Band Wireless-AC 8260 | 3 | 90
10400,2025-04-24 06:02:04.929071,Microsoft-Windows-NDIS,Unknown,{4d54cdbc-8abc-485c-9b10-7c77af28ab5b} | 7 | 19985273102270464 | Intel(R) Dual Band Wireless-AC 8260 | 3 | 91
10400,2025-04-24 06:02:05.924944,Microsoft-Windows-NDIS,Unknown,{4d54cdbc-8abc-485c-9b10-7c77af28ab5b} | 7 | 19985273102270464 | Intel(R) Dual Band Wireless-AC 8260 | 3 | 92
10400,2025-04-24 06:02:27.190763,Microsoft-Windows-NDIS,Unknown,{4d54cdbc-8abc-485c-9b10-7c77af28ab5b} | 7 | 19985273102270464 | Intel(R) Dual Band Wireless-AC 8260 | 3 | 93
10400,2025-04-24 06:02:28.209267,Microsoft-Windows-NDIS,Unknown,{4d54cdbc-8abc-485c-9b10-7c77af28ab5b} | 7 | 19985273102270464 | Intel(R) Dual Band Wireless-AC 8260 | 3 | 94
10400,2025-04-24 06:03:14.398647,Microsoft-Windows-NDIS,Unknown,{4d54cdbc-8abc-485c-9b10-7c77af28ab5b} | 7 | 19985273102270464 | Intel(R) Dual Band Wireless-AC 8260 | 3 | 95
10400,2025-04-24 06:03:15.409048,Microsoft-Windows-NDIS,Unknown,{4d54cdbc-8abc-485c-9b10-7c77af28ab5b} | 7 | 19985273102270464 | Intel(R) Dual Band Wireless-AC 8260 | 3 | 96
10400,2025-04-24 06:03:16.386990,Microsoft-Windows-NDIS,Unknown,{4d54cdbc-8abc-485c-9b10-7c77af28ab5b} | 7 | 19985273102270464 | Intel(R) Dual Band Wireless-AC 8260 | 3 | 97
10400,2025-04-24 06:03:18.963451,Microsoft-Windows-NDIS,Unknown,{4d54cdbc-8abc-485c-9b10-7c77af28ab5b} | 7 | 19985273102270464 | Intel(R) Dual Band Wireless-AC 8260 | 3 | 98
10400,2025-04-24 06:03:35.279129,Microsoft-Windows-NDIS,Unknown,{4d54cdbc-8abc-485c-9b10-7c77af28ab5b} | 7 | 19985273102270464 | Intel(R) Dual Band Wireless-AC 8260 | 3 | 99
10400,2025-04-24 06:03:36.072039,Microsoft-Windows-NDIS,Unknown,{4d54cdbc-8abc-485c-9b10-7c77af28ab5b} | 7 | 19985273102270464 | Intel(R) Dual Band Wireless-AC 8260 | 3 | 100
10400,2025-04-24 06:03:37.048395,Microsoft-Windows-NDIS,Unknown,{4d54cdbc-8abc-485c-9b10-7c77af28ab5b} | 7 | 19985273102270464 | Intel(R) Dual Band Wireless-AC 8260 | 3 | 101
10400,2025-04-24 06:03:54.162397,Microsoft-Windows-NDIS,Unknown,{4d54cdbc-8abc-485c-9b10-7c77af28ab5b} | 7 | 19985273102270464 | Intel(R) Dual Band Wireless-AC 8260 | 3 | 102
10400,2025-04-24 06:03:55.609371,Microsoft-Windows-NDIS,Unknown,{4d54cdbc-8abc-485c-9b10-7c77af28ab5b} | 7 | 19985273102270464 | Intel(R) Dual Band Wireless-AC 8260 | 3 | 103
10400,2025-04-24 06:03:56.491661,Microsoft-Windows-NDIS,Unknown,{4d54cdbc-8abc-485c-9b10-7c77af28ab5b} | 7 | 19985273102270464 | Intel(R) Dual Band Wireless-AC 8260 | 3 | 104
10400,2025-04-24 06:03:57.477236,Microsoft-Windows-NDIS,Unknown,{4d54cdbc-8abc-485c-9b10-7c77af28ab5b} | 7 | 19985273102270464 | Intel(R) Dual Band Wireless-AC 8260 | 3 | 105
10400,2025-04-24 06:03:58.403795,Microsoft-Windows-NDIS,Unknown,{4d54cdbc-8abc-485c-9b10-7c77af28ab5b} | 7 | 19985273102270464 | Intel(R) Dual Band Wireless-AC 8260 | 3 | 106
10400,2025-04-24 06:04:17.689028,Microsoft-Windows-NDIS,Unknown,{4d54cdbc-8abc-485c-9b10-7c77af28ab5b} | 7 | 19985273102270464 | Intel(R) Dual Band Wireless-AC 8260 | 3 | 107
10400,2025-04-24 06:04:19.008118,Microsoft-Windows-NDIS,Unknown,{4d54cdbc-8abc-485c-9b10-7c77af28ab5b} | 7 | 19985273102270464 | Intel(R) Dual Band Wireless-AC 8260 | 3 | 108
10400,2025-04-24 06:04:19.898632,Microsoft-Windows-NDIS,Unknown,{4d54cdbc-8abc-485c-9b10-7c77af28ab5b} | 7 | 19985273102270464 | Intel(R) Dual Band Wireless-AC 8260 | 3 | 109
10400,2025-04-24 06:04:20.674313,Microsoft-Windows-NDIS,Unknown,{4d54cdbc-8abc-485c-9b10-7c77af28ab5b} | 7 | 19985273102270464 | Intel(R) Dual Band Wireless-AC 8260 | 3 | 110
10400,2025-04-24 06:04:21.504930,Microsoft-Windows-NDIS,Unknown,{4d54cdbc-8abc-485c-9b10-7c77af28ab5b} | 7 | 19985273102270464 | Intel(R) Dual Band Wireless-AC 8260 | 3 | 111
10400,2025-04-24 06:04:42.779730,Microsoft-Windows-NDIS,Unknown,{4d54cdbc-8abc-485c-9b10-7c77af28ab5b} | 7 | 19985273102270464 | Intel(R) Dual Band Wireless-AC 8260 | 3 | 112
10400,2025-04-24 06:04:43.677395,Microsoft-Windows-NDIS,Unknown,{4d54cdbc-8abc-485c-9b10-7c77af28ab5b} | 7 | 19985273102270464 | Intel(R) Dual Band Wireless-AC 8260 | 3 | 113
10400,2025-04-24 06:04:44.623528,Microsoft-Windows-NDIS,Unknown,{4d54cdbc-8abc-485c-9b10-7c77af28ab5b} | 7 | 19985273102270464 | Intel(R) Dual Band Wireless-AC 8260 | 3 | 114
10400,2025-04-24 06:04:45.550436,Microsoft-Windows-NDIS,Unknown,{4d54cdbc-8abc-485c-9b10-7c77af28ab5b} | 7 | 19985273102270464 | Intel(R) Dual Band Wireless-AC 8260 | 3 | 115
10400,2025-04-24 06:04:46.429323,Microsoft-Windows-NDIS,Unknown,{4d54cdbc-8abc-485c-9b10-7c77af28ab5b} | 7 | 19985273102270464 | Intel(R) Dual Band Wireless-AC 8260 | 3 | 116
10400,2025-04-24 06:05:04.380022,Microsoft-Windows-NDIS,Unknown,{4d54cdbc-8abc-485c-9b10-7c77af28ab5b} | 7 | 19985273102270464 | Intel(R) Dual Band Wireless-AC 8260 | 3 | 117
10400,2025-04-24 06:05:27.611498,Microsoft-Windows-NDIS,Unknown,{4d54cdbc-8abc-485c-9b10-7c77af28ab5b} | 7 | 19985273102270464 | Intel(R) Dual Band Wireless-AC 8260 | 3 | 118
10400,2025-04-24 06:05:28.479061,Microsoft-Windows-NDIS,Unknown,{4d54cdbc-8abc-485c-9b10-7c77af28ab5b} | 7 | 19985273102270464 | Intel(R) Dual Band Wireless-AC 8260 | 3 | 119
10400,2025-04-24 06:05:29.549358,Microsoft-Windows-NDIS,Unknown,{4d54cdbc-8abc-485c-9b10-7c77af28ab5b} | 7 | 19985273102270464 | Intel(R) Dual Band Wireless-AC 8260 | 3 | 120
10400,2025-04-24 06:06:04.952852,Microsoft-Windows-NDIS,Unknown,{4d54cdbc-8abc-485c-9b10-7c77af28ab5b} | 7 | 19985273102270464 | Intel(R) Dual Band Wireless-AC 8260 | 3 | 121
10400,2025-04-24 06:06:09.979002,Microsoft-Windows-NDIS,Unknown,{4d54cdbc-8abc-485c-9b10-7c77af28ab5b} | 7 | 19985273102270464 | Intel(R) Dual Band Wireless-AC 8260 | 3 | 122
10400,2025-04-24 06:06:28.244158,Microsoft-Windows-NDIS,Unknown,{4d54cdbc-8abc-485c-9b10-7c77af28ab5b} | 7 | 19985273102270464 | Intel(R) Dual Band Wireless-AC 8260 | 3 | 123
10400,2025-04-24 06:06:29.605091,Microsoft-Windows-NDIS,Unknown,{4d54cdbc-8abc-485c-9b10-7c77af28ab5b} | 7 | 19985273102270464 | Intel(R) Dual Band Wireless-AC 8260 | 3 | 124
10400,2025-04-24 06:06:32.635309,Microsoft-Windows-NDIS,Unknown,{4d54cdbc-8abc-485c-9b10-7c77af28ab5b} | 7 | 19985273102270464 | Intel(R) Dual Band Wireless-AC 8260 | 3 | 125
10400,2025-04-24 06:06:36.249855,Microsoft-Windows-NDIS,Unknown,{4d54cdbc-8abc-485c-9b10-7c77af28ab5b} | 7 | 19985273102270464 | Intel(R) Dual Band Wireless-AC 8260 | 3 | 126
10400,2025-04-24 06:06:37.178827,Microsoft-Windows-NDIS,Unknown,{4d54cdbc-8abc-485c-9b10-7c77af28ab5b} | 7 | 19985273102270464 | Intel(R) Dual Band Wireless-AC 8260 | 3 | 127
10400,2025-04-24 06:07:22.215963,Microsoft-Windows-NDIS,Unknown,{4d54cdbc-8abc-485c-9b10-7c77af28ab5b} | 7 | 19985273102270464 | Intel(R) Dual Band Wireless-AC 8260 | 3 | 128
10400,2025-04-24 06:07:23.780024,Microsoft-Windows-NDIS,Unknown,{4d54cdbc-8abc-485c-9b10-7c77af28ab5b} | 7 | 19985273102270464 | Intel(R) Dual Band Wireless-AC 8260 | 3 | 129
10400,2025-04-24 06:07:24.662495,Microsoft-Windows-NDIS,Unknown,{4d54cdbc-8abc-485c-9b10-7c77af28ab5b} | 7 | 19985273102270464 | Intel(R) Dual Band Wireless-AC 8260 | 3 | 130
10400,2025-04-24 06:07:25.489454,Microsoft-Windows-NDIS,Unknown,{4d54cdbc-8abc-485c-9b10-7c77af28ab5b} | 7 | 19985273102270464 | Intel(R) Dual Band Wireless-AC 8260 | 3 | 131
10400,2025-04-24 06:07:26.480169,Microsoft-Windows-NDIS,Unknown,{4d54cdbc-8abc-485c-9b10-7c77af28ab5b} | 7 | 19985273102270464 | Intel(R) Dual Band Wireless-AC 8260 | 3 | 132
10400,2025-04-24 06:07:27.377710,Microsoft-Windows-NDIS,Unknown,{4d54cdbc-8abc-485c-9b10-7c77af28ab5b} | 7 | 19985273102270464 | Intel(R) Dual Band Wireless-AC 8260 | 3 | 133
10400,2025-04-24 06:07:32.026529,Microsoft-Windows-NDIS,Unknown,{4d54cdbc-8abc-485c-9b10-7c77af28ab5b} | 7 | 19985273102270464 | Intel(R) Dual Band Wireless-AC 8260 | 3 | 134
10400,2025-04-24 06:07:43.727104,Microsoft-Windows-NDIS,Unknown,{4d54cdbc-8abc-485c-9b10-7c77af28ab5b} | 7 | 19985273102270464 | Intel(R) Dual Band Wireless-AC 8260 | 3 | 135
10400,2025-04-24 06:07:44.546217,Microsoft-Windows-NDIS,Unknown,{4d54cdbc-8abc-485c-9b10-7c77af28ab5b} | 7 | 19985273102270464 | Intel(R) Dual Band Wireless-AC 8260 | 3 | 136
10400,2025-04-24 06:07:45.551630,Microsoft-Windows-NDIS,Unknown,{4d54cdbc-8abc-485c-9b10-7c77af28ab5b} | 7 | 19985273102270464 | Intel(R) Dual Band Wireless-AC 8260 | 3 | 137
10400,2025-04-24 06:07:46.398046,Microsoft-Windows-NDIS,Unknown,{4d54cdbc-8abc-485c-9b10-7c77af28ab5b} | 7 | 19985273102270464 | Intel(R) Dual Band Wireless-AC 8260 | 3 | 138
10400,2025-04-24 06:07:47.328825,Microsoft-Windows-NDIS,Unknown,{4d54cdbc-8abc-485c-9b10-7c77af28ab5b} | 7 | 19985273102270464 | Intel(R) Dual Band Wireless-AC 8260 | 3 | 139
10400,2025-04-24 06:07:48.251619,Microsoft-Windows-NDIS,Unknown,{4d54cdbc-8abc-485c-9b10-7c77af28ab5b} | 7 | 19985273102270464 | Intel(R) Dual Band Wireless-AC 8260 | 3 | 140
10400,2025-04-24 06:07:49.226231,Microsoft-Windows-NDIS,Unknown,{4d54cdbc-8abc-485c-9b10-7c77af28ab5b} | 7 | 19985273102270464 | Intel(R) Dual Band Wireless-AC 8260 | 3 | 141
10400,2025-04-24 06:08:06.831434,Microsoft-Windows-NDIS,Unknown,{4d54cdbc-8abc-485c-9b10-7c77af28ab5b} | 7 | 19985273102270464 | Intel(R) Dual Band Wireless-AC 8260 | 3 | 142
10400,2025-04-24 06:08:07.727013,Microsoft-Windows-NDIS,Unknown,{4d54cdbc-8abc-485c-9b10-7c77af28ab5b} | 7 | 19985273102270464 | Intel(R) Dual Band Wireless-AC 8260 | 3 | 143
10400,2025-04-24 06:08:08.711054,Microsoft-Windows-NDIS,Unknown,{4d54cdbc-8abc-485c-9b10-7c77af28ab5b} | 7 | 19985273102270464 | Intel(R) Dual Band Wireless-AC 8260 | 3 | 144
10400,2025-04-24 06:08:24.685789,Microsoft-Windows-NDIS,Unknown,{4d54cdbc-8abc-485c-9b10-7c77af28ab5b} | 7 | 19985273102270464 | Intel(R) Dual Band Wireless-AC 8260 | 3 | 145
10400,2025-04-24 06:08:25.761127,Microsoft-Windows-NDIS,Unknown,{4d54cdbc-8abc-485c-9b10-7c77af28ab5b} | 7 | 19985273102270464 | Intel(R) Dual Band Wireless-AC 8260 | 3 | 146
10400,2025-04-24 06:08:26.553535,Microsoft-Windows-NDIS,Unknown,{4d54cdbc-8abc-485c-9b10-7c77af28ab5b} | 7 | 19985273102270464 | Intel(R) Dual Band Wireless-AC 8260 | 3 | 147
10400,2025-04-24 06:08:27.325340,Microsoft-Windows-NDIS,Unknown,{4d54cdbc-8abc-485c-9b10-7c77af28ab5b} | 7 | 19985273102270464 | Intel(R) Dual Band Wireless-AC 8260 | 3 | 148
10400,2025-04-24 06:08:28.250900,Microsoft-Windows-NDIS,Unknown,{4d54cdbc-8abc-485c-9b10-7c77af28ab5b} | 7 | 19985273102270464 | Intel(R) Dual Band Wireless-AC 8260 | 3 | 149
10400,2025-04-24 06:08:28.929848,Microsoft-Windows-NDIS,Unknown,{4d54cdbc-8abc-485c-9b10-7c77af28ab5b} | 7 | 19985273102270464 | Intel(R) Dual Band Wireless-AC 8260 | 3 | 150
10400,2025-04-24 06:08:29.949625,Microsoft-Windows-NDIS,Unknown,{4d54cdbc-8abc-485c-9b10-7c77af28ab5b} | 7 | 19985273102270464 | Intel(R) Dual Band Wireless-AC 8260 | 3 | 151
10400,2025-04-24 06:08:30.996790,Microsoft-Windows-NDIS,Unknown,{4d54cdbc-8abc-485c-9b10-7c77af28ab5b} | 7 | 19985273102270464 | Intel(R) Dual Band Wireless-AC 8260 | 3 | 152
10400,2025-04-24 06:08:31.998360,Microsoft-Windows-NDIS,Unknown,{4d54cdbc-8abc-485c-9b10-7c77af28ab5b} | 7 | 19985273102270464 | Intel(R) Dual Band Wireless-AC 8260 | 3 | 153
10400,2025-04-24 06:08:32.759848,Microsoft-Windows-NDIS,Unknown,{4d54cdbc-8abc-485c-9b10-7c77af28ab5b} | 7 | 19985273102270464 | Intel(R) Dual Band Wireless-AC 8260 | 3 | 154
10400,2025-04-24 06:09:08.469507,Microsoft-Windows-NDIS,Unknown,{4d54cdbc-8abc-485c-9b10-7c77af28ab5b} | 7 | 19985273102270464 | Intel(R) Dual Band Wireless-AC 8260 | 3 | 155
10400,2025-04-24 06:09:09.354975,Microsoft-Windows-NDIS,Unknown,{4d54cdbc-8abc-485c-9b10-7c77af28ab5b} | 7 | 19985273102270464 | Intel(R) Dual Band Wireless-AC 8260 | 3 | 156
10400,2025-04-24 06:09:11.590769,Microsoft-Windows-NDIS,Unknown,{4d54cdbc-8abc-485c-9b10-7c77af28ab5b} | 7 | 19985273102270464 | Intel(R) Dual Band Wireless-AC 8260 | 3 | 157
10400,2025-04-24 06:09:12.483715,Microsoft-Windows-NDIS,Unknown,{4d54cdbc-8abc-485c-9b10-7c77af28ab5b} | 7 | 19985273102270464 | Intel(R) Dual Band Wireless-AC 8260 | 3 | 158
10400,2025-04-24 06:09:13.492414,Microsoft-Windows-NDIS,Unknown,{4d54cdbc-8abc-485c-9b10-7c77af28ab5b} | 7 | 19985273102270464 | Intel(R) Dual Band Wireless-AC 8260 | 3 | 159
10400,2025-04-24 06:09:15.731806,Microsoft-Windows-NDIS,Unknown,{4d54cdbc-8abc-485c-9b10-7c77af28ab5b} | 7 | 19985273102270464 | Intel(R) Dual Band Wireless-AC 8260 | 3 | 160
10400,2025-04-24 06:09:16.548357,Microsoft-Windows-NDIS,Unknown,{4d54cdbc-8abc-485c-9b10-7c77af28ab5b} | 7 | 19985273102270464 | Intel(R) Dual Band Wireless-AC 8260 | 3 | 161
10400,2025-04-24 06:09:38.865339,Microsoft-Windows-NDIS,Unknown,{4d54cdbc-8abc-485c-9b10-7c77af28ab5b} | 7 | 19985273102270464 | Intel(R) Dual Band Wireless-AC 8260 | 3 | 162
10400,2025-04-24 06:09:39.684593,Microsoft-Windows-NDIS,Unknown,{4d54cdbc-8abc-485c-9b10-7c77af28ab5b} | 7 | 19985273102270464 | Intel(R) Dual Band Wireless-AC 8260 | 3 | 163
10400,2025-04-24 06:10:21.406717,Microsoft-Windows-NDIS,Unknown,{4d54cdbc-8abc-485c-9b10-7c77af28ab5b} | 7 | 19985273102270464 | Intel(R) Dual Band Wireless-AC 8260 | 3 | 164
10400,2025-04-24 06:10:22.296932,Microsoft-Windows-NDIS,Unknown,{4d54cdbc-8abc-485c-9b10-7c77af28ab5b} | 7 | 19985273102270464 | Intel(R) Dual Band Wireless-AC 8260 | 3 | 165
10400,2025-04-24 06:10:41.782162,Microsoft-Windows-NDIS,Unknown,{4d54cdbc-8abc-485c-9b10-7c77af28ab5b} | 7 | 19985273102270464 | Intel(R) Dual Band Wireless-AC 8260 | 3 | 166
10400,2025-04-24 06:10:42.723366,Microsoft-Windows-NDIS,Unknown,{4d54cdbc-8abc-485c-9b10-7c77af28ab5b} | 7 | 19985273102270464 | Intel(R) Dual Band Wireless-AC 8260 | 3 | 167
10400,2025-04-24 06:10:43.542477,Microsoft-Windows-NDIS,Unknown,{4d54cdbc-8abc-485c-9b10-7c77af28ab5b} | 7 | 19985273102270464 | Intel(R) Dual Band Wireless-AC 8260 | 3 | 168
10400,2025-04-24 06:10:44.368246,Microsoft-Windows-NDIS,Unknown,{4d54cdbc-8abc-485c-9b10-7c77af28ab5b} | 7 | 19985273102270464 | Intel(R) Dual Band Wireless-AC 8260 | 3 | 169
10400,2025-04-24 06:11:06.940516,Microsoft-Windows-NDIS,Unknown,{4d54cdbc-8abc-485c-9b10-7c77af28ab5b} | 7 | 19985273102270464 | Intel(R) Dual Band Wireless-AC 8260 | 3 | 170
10400,2025-04-24 06:11:08.077602,Microsoft-Windows-NDIS,Unknown,{4d54cdbc-8abc-485c-9b10-7c77af28ab5b} | 7 | 19985273102270464 | Intel(R) Dual Band Wireless-AC 8260 | 3 | 171
10400,2025-04-24 06:11:08.935232,Microsoft-Windows-NDIS,Unknown,{4d54cdbc-8abc-485c-9b10-7c77af28ab5b} | 7 | 19985273102270464 | Intel(R) Dual Band Wireless-AC 8260 | 3 | 172
10400,2025-04-24 06:11:25.896074,Microsoft-Windows-NDIS,Unknown,{4d54cdbc-8abc-485c-9b10-7c77af28ab5b} | 7 | 19985273102270464 | Intel(R) Dual Band Wireless-AC 8260 | 3 | 173
10400,2025-04-24 06:11:27.977699,Microsoft-Windows-NDIS,Unknown,{4d54cdbc-8abc-485c-9b10-7c77af28ab5b} | 7 | 19985273102270464 | Intel(R) Dual Band Wireless-AC 8260 | 3 | 174
10400,2025-04-24 06:13:29.854523,Microsoft-Windows-NDIS,Unknown,{4d54cdbc-8abc-485c-9b10-7c77af28ab5b} | 7 | 19985273102270464 | Intel(R) Dual Band Wireless-AC 8260 | 3 | 175
10400,2025-04-24 06:15:27.984619,Microsoft-Windows-NDIS,Unknown,{4d54cdbc-8abc-485c-9b10-7c77af28ab5b} | 7 | 19985273102270464 | Intel(R) Dual Band Wireless-AC 8260 | 3 | 176
10400,2025-04-24 06:16:26.820345,Microsoft-Windows-NDIS,Unknown,{4d54cdbc-8abc-485c-9b10-7c77af28ab5b} | 7 | 19985273102270464 | Intel(R) Dual Band Wireless-AC 8260 | 3 | 177
10400,2025-04-24 06:16:28.119625,Microsoft-Windows-NDIS,Unknown,{4d54cdbc-8abc-485c-9b10-7c77af28ab5b} | 7 | 19985273102270464 | Intel(R) Dual Band Wireless-AC 8260 | 3 | 178
10400,2025-04-24 06:16:58.655445,Microsoft-Windows-NDIS,Unknown,{4d54cdbc-8abc-485c-9b10-7c77af28ab5b} | 7 | 19985273102270464 | Intel(R) Dual Band Wireless-AC 8260 | 3 | 179
